{
  "cv_score": 70.62591788240462,
  "results": {
    "3": {
      "baseline": 0.43474513903471196,
      "cpsat": null,
      "improvement": 0
    },
    "4": {
      "baseline": 0.4165448485961495,
      "cpsat": null,
      "improvement": 0
    },
    "5": {
      "baseline": 0.4168495908233371,
      "cpsat": null,
      "improvement": 0
    },
    "6": {
      "baseline": 0.39961028676389415,
      "cpsat": null,
      "improvement": 0
    }
  },
  "total_improvement": 0
}