{
  "cv_score": 34.33831234020458,
  "baseline_score": 70.676102,
  "improvement": 36.33778965979542,
  "source_path": "/home/nonroot/snapshots/santa-2025/21122900208/code/submission_sa_parallel.csv"
}