{
  "cv_score": 70.62608831308174,
  "old_score": 70.6275821791985,
  "improvement": 0.0014938661167605005,
  "improvements_found": 1,
  "n87_improvement": 0.0014938661167653855
}