{
  "cv_score": 27.478179154216633,
  "baseline_score": 70.61510188576511,
  "improvement": 43.13692273154848,
  "improvements_found": 334,
  "files_scanned": 487,
  "files_processed": 460
}