{
  "cv_score": 70.6243807244223,
  "baseline_score": 70.64732689763682,
  "improvement": 0.02294617321452108,
  "source_counts": {
    "best_snapshot": 197,
    "baseline": 3
  }
}