n,old_score,new_score,improvement,source
15,0.37694864468354145,0.37438053538454535,0.0025681092989960908,submission_ensemble.csv
37,0.36539769757797574,0.3578576338293257,0.007540063748650017,submission_ensemble.csv
