{
  "cv_score": 70.676102,
  "target": 68.922808,
  "gap_to_target": 1.753294,
  "best_public_kernel": 71.78,
  "improvement_over_public": 1.103898,
  "score_breakdown": {
    "N_1_20": 8.057295,
    "N_21_50": 10.984878,
    "N_51_100": 17.641148,
    "N_101_150": 17.144118,
    "N_151_200": 16.848664
  }
}