{
  "cv_score": 70.63036981424865,
  "baseline_score": 70.63036981424865,
  "improvement": 0.0,
  "improvements_count": 0,
  "approach": "backpacking"
}