{"initial_score": 70.74377428544209, "final_score": 70.74377428544209, "improvement": 0.0, "overlapping_configs": []}