{
  "cv_score": 70.32922472332746,
  "baseline_score": 70.34091744807057,
  "improvement": 0.011692724743113558,
  "n_improved": 59,
  "final_overlaps": 14,
  "target": 68.879235,
  "gap": 1.4499897233274623,
  "source": "jazivxt_why_not ensemble"
}