{
  "cv_score": 70.3295137792292,
  "baseline_score": 70.34091744807057,
  "improvement": 0.011403668841367676,
  "n_improved": 59,
  "final_overlaps": 0,
  "target": 68.879235,
  "gap": 1.4502787792292082,
  "source": "jazivxt_why_not ensemble with overlap fixes"
}