{
  "blend_factor_0.0": 0.010083609343530375,
  "blend_factor_0.1": 0.010915048566854626,
  "blend_factor_0.2": 0.012255376846574975,
  "blend_factor_0.3": 0.01438752503855062,
  "best_blend_factor": 0.0,
  "best_cv": 0.010083609343530375,
  "baseline_cv": 0.008298,
  "model": "ConservativeGPMLPLGBMEnsemble"
}