{
  "cv_score": 70.64732071311666,
  "baseline": 70.647327,
  "improvement": 6.286883348138872e-06,
  "overlap_configs": 0,
  "target": 68.888293,
  "gap_to_target": 1.7590277131166516
}