{"cv_score": 0.018227, "single_mse": 0.021596, "full_mse": 0.016425}
