{"cv_score": 0.00832830074198792, "single_mse": 0.009321323537203411, "full_mse": 0.007335277946772426}