{
  "cv_score": 70.52331967787887,
  "baseline_score": 70.62243491373589,
  "improvement": 0.09911523585701332,
  "n_improved": 122,
  "sources_used": 12,
  "total_sources": 88,
  "target": 68.888293,
  "gap": 1.6350266778788694
}