{
  "cv_score": 70.6157447707239,
  "overlapping_n_count": 0,
  "overlapping_n_values": [],
  "per_n_scores": {
    "1": 0.6612500000000001,
    "2": 0.45077918286284324,
    "3": 0.43474513903471196,
    "4": 0.4165448485961495,
    "5": 0.4168495908624338,
    "6": 0.3996102867638965,
    "7": 0.3998965505503062,
    "8": 0.3854072516519504,
    "9": 0.3874150329177231,
    "10": 0.3766300406370859,
    "11": 0.37492371913609707,
    "12": 0.3727239924438981,
    "13": 0.3722940123805267,
    "14": 0.3695427692168258,
    "15": 0.37694864468354145,
    "16": 0.37412799422234183,
    "17": 0.37004030013414324,
    "18": 0.36877122977731536,
    "19": 0.3686153320173895,
    "20": 0.37605685957923224,
    "21": 0.3764508984256855,
    "22": 0.3752581015242409,
    "23": 0.3687504230024534,
    "24": 0.3655055886789786,
    "25": 0.37214437012348367,
    "26": 0.3739969552336439,
    "27": 0.36271887429472865,
    "28": 0.3661052126201177,
    "29": 0.3670823083361282,
    "30": 0.3608834426049407,
    "31": 0.3703292746236271,
    "32": 0.36541724934284164,
    "33": 0.36935845313309473,
    "34": 0.36903552252563054,
    "35": 0.3660565378252998,
    "36": 0.3580490615811305,
    "37": 0.369527561525475,
    "38": 0.3661343553245707,
    "39": 0.3614979909517751,
    "40": 0.36214803161842785,
    "41": 0.36783117313998775,
    "42": 0.3668386120903736,
    "43": 0.36706500531550174,
    "44": 0.36627065990281676,
    "45": 0.36339682657570693,
    "46": 0.3644524661253114,
    "47": 0.3574929803430305,
    "48": 0.35552990941408574,
    "49": 0.3634298658931239,
    "50": 0.36075313412727034,
    "51": 0.3655728200573894,
    "52": 0.3606282312683584,
    "53": 0.3618552260815256,
    "54": 0.356260377223052,
    "55": 0.3550231179503228,
    "56": 0.35228060306173853,
    "57": 0.3535090420174057,
    "58": 0.3634842944630928,
    "59": 0.36057692523547796,
    "60": 0.35725840513580437,
    "61": 0.35826141622054886,
    "62": 0.3536599813711944,
    "63": 0.3527938612322265,
    "64": 0.34868495584880466,
    "65": 0.36161113890664576,
    "66": 0.35888194679389196,
    "67": 0.3538542862887173,
    "68": 0.3536215590293225,
    "69": 0.35452843450747207,
    "70": 0.3495128602329814,
    "71": 0.3522318221484233,
    "72": 0.3485591138040719,
    "73": 0.35316234539920477,
    "74": 0.3527092268699682,
    "75": 0.3528981500829302,
    "76": 0.34959500995528775,
    "77": 0.3511132183590853,
    "78": 0.3514012154162476,
    "79": 0.34856397091147623,
    "80": 0.34488047019802537,
    "81": 0.3551341753732687,
    "82": 0.3514502085812342,
    "83": 0.35235831035286086,
    "84": 0.3507255892704154,
    "85": 0.35074725573671767,
    "86": 0.3500867166902728,
    "87": 0.3499595309315015,
    "88": 0.34750056710485683,
    "89": 0.34671703750088895,
    "90": 0.3431125164658886,
    "91": 0.34692358577888904,
    "92": 0.3483065113854498,
    "93": 0.34651725419658624,
    "94": 0.3499561133239644,
    "95": 0.3477342415051209,
    "96": 0.3463969940824321,
    "97": 0.3478214855067417,
    "98": 0.34890244618451716,
    "99": 0.3455407604926309,
    "100": 0.34339481588496595,
    "101": 0.3486558587683356,
    "102": 0.3471395590534502,
    "103": 0.34411788471504007,
    "104": 0.3408098652066792,
    "105": 0.34287198264620505,
    "106": 0.34136260646313754,
    "107": 0.34607742904527256,
    "108": 0.34355808525774667,
    "109": 0.3405411144728794,
    "110": 0.33760298339682326,
    "111": 0.34391918624788004,
    "112": 0.3464504288610385,
    "113": 0.3483700573589719,
    "114": 0.34562035047291323,
    "115": 0.3432176922067498,
    "116": 0.3435128852616825,
    "117": 0.34195468453807465,
    "118": 0.3398398586325408,
    "119": 0.3390768391488021,
    "120": 0.33768346215174055,
    "121": 0.35132370886248165,
    "122": 0.35017347895819595,
    "123": 0.34754424021360686,
    "124": 0.34683852831939893,
    "125": 0.3455477075976382,
    "126": 0.3441309416466371,
    "127": 0.3419123705401196,
    "128": 0.3407510751567181,
    "129": 0.34137262510533917,
    "130": 0.338764823448503,
    "131": 0.33624473836258795,
    "132": 0.3337989247275516,
    "133": 0.3403467218410786,
    "134": 0.3464721143650741,
    "135": 0.34734587893300184,
    "136": 0.34415929179962695,
    "137": 0.34280970388424326,
    "138": 0.34102815305430273,
    "139": 0.34097777372839977,
    "140": 0.340098168469419,
    "141": 0.34346963960141375,
    "142": 0.3411456083011319,
    "143": 0.34094576408662913,
    "144": 0.3422761194331779,
    "145": 0.3428389238448866,
    "146": 0.3434362788467882,
    "147": 0.34175404556557165,
    "148": 0.3398214633635277,
    "149": 0.33792414529575854,
    "150": 0.33706354697813756,
    "151": 0.3402575733847719,
    "152": 0.33848531666474246,
    "153": 0.3362862253186006,
    "154": 0.3341576916807871,
    "155": 0.33206869918733256,
    "156": 0.3299858000155556,
    "157": 0.3402013565144883,
    "158": 0.34127328614320324,
    "159": 0.34086457773731316,
    "160": 0.3393965505562514,
    "161": 0.3386300184581225,
    "162": 0.3370215527229074,
    "163": 0.33743262931355683,
    "164": 0.33732758534619073,
    "165": 0.33556885511397533,
    "166": 0.33481892921702494,
    "167": 0.33283459193233983,
    "168": 0.33247465117685027,
    "169": 0.34223142175667526,
    "170": 0.34148430908353855,
    "171": 0.34144675670055,
    "172": 0.34042387267090923,
    "173": 0.33922021386052725,
    "174": 0.3390280386303455,
    "175": 0.33868157977758606,
    "176": 0.3382058842098685,
    "177": 0.33632552419042666,
    "178": 0.3344416090744584,
    "179": 0.33259053350560086,
    "180": 0.3310003097254763,
    "181": 0.3299446141292826,
    "182": 0.3299875963824069,
    "183": 0.3394908515545949,
    "184": 0.33926028782015144,
    "185": 0.338561683652557,
    "186": 0.3409810311180929,
    "187": 0.34023435096500837,
    "188": 0.3394799654936246,
    "189": 0.33882128180895243,
    "190": 0.3382314598226627,
    "191": 0.33675554249931805,
    "192": 0.33507535349675716,
    "193": 0.3333394661888968,
    "194": 0.3329987944568688,
    "195": 0.3325759325102732,
    "196": 0.33326140499319745,
    "197": 0.33580339638620665,
    "198": 0.3373144928769583,
    "199": 0.3382693804304794,
    "200": 0.3375488561188903
  }
}