{
  "cv_score": 70.64732689763682,
  "expected_lb": 70.647327,
  "target": 68.888293,
  "gap": 1.7590338976368116,
  "source": "snapshot_21328309254_unmodified"
}