{
  "cv_score": 70.62756944140376,
  "overlaps": 0,
  "source": "/home/nonroot/snapshots/santa-2025/21329069570/code/code/solutions/submission_70.627569.csv"
}