{
  "cv_score": 70.31660007764546,
  "target": 68.877877,
  "gap": 1.438723077645463,
  "source_counts": {
    "submission.csv": 193,
    "submission2.csv": 4,
    "submission_v18.csv": 3
  }
}