{
  "improvements": [
    [
      122,
      0.0008466365105139206
    ],
    [
      121,
      0.0016184293134131056
    ]
  ],
  "total_improvement": 0.0024650658239270262,
  "new_total_score": 70.30669373513807,
  "elapsed_time": 1440.1525166034698
}