{
  "cv_score": 72.16626865801491,
  "overlapping_n_count": 0,
  "fixed_n_count": 0,
  "greedy_fallback_count": 3,
  "per_n_scores": {
    "1": 0.66125,
    "2": 0.4507791828628432,
    "3": 0.43474513903471207,
    "4": 0.4165448485961494,
    "5": 0.41684959086243395,
    "6": 0.3996102867638964,
    "7": 0.39989655055030615,
    "8": 0.3854072516519504,
    "9": 0.3874150329177232,
    "10": 0.3766300406370859,
    "11": 0.374923719136097,
    "12": 0.3727239924438981,
    "13": 0.3722940123805267,
    "14": 0.3695427692168258,
    "15": 0.37694864468354133,
    "16": 0.37412799422234183,
    "17": 0.37004030013414324,
    "18": 0.3687712297773155,
    "19": 0.3686153320173895,
    "20": 0.3760568595792322,
    "21": 0.3764508984256856,
    "22": 0.37525810152424094,
    "23": 0.3687504230024534,
    "24": 0.36550558867897864,
    "25": 0.3721443701234838,
    "26": 0.3739969552336438,
    "27": 0.3627188742947286,
    "28": 0.36610521262011764,
    "29": 0.3670823083361282,
    "30": 0.8947075296865488,
    "31": 0.37032927462362714,
    "32": 0.3654172493428416,
    "33": 0.3693584531330948,
    "34": 0.36903552252563054,
    "35": 0.36605653782529973,
    "36": 0.3580490615811305,
    "37": 0.36952756152547495,
    "38": 0.3661343553245707,
    "39": 0.3614979909517751,
    "40": 0.36214803161842773,
    "41": 0.36783117313998775,
    "42": 0.3668386120903736,
    "43": 0.3670650053155018,
    "44": 0.3662706599028169,
    "45": 0.363396826575707,
    "46": 0.3644524661253114,
    "47": 0.3574929803430305,
    "48": 0.3555299094140858,
    "49": 0.36342986589312387,
    "50": 0.3607531341272703,
    "51": 0.3655728200573894,
    "52": 0.3606282312683584,
    "53": 0.3618552260815257,
    "54": 0.35626037722305204,
    "55": 0.3550231179503227,
    "56": 0.35228060306173853,
    "57": 0.3535090420174057,
    "58": 0.36348429446309277,
    "59": 0.36057692523547785,
    "60": 0.3572584051358044,
    "61": 0.35826141622054875,
    "62": 0.3536599813711945,
    "63": 0.3527938612322266,
    "64": 0.34868495584880466,
    "65": 0.3616111389066458,
    "66": 0.35888194679389196,
    "67": 0.3538542862887173,
    "68": 0.3536215590293226,
    "69": 0.3545284345074721,
    "70": 0.3495128602329814,
    "71": 0.35223182214842347,
    "72": 0.34855911380407184,
    "73": 0.35316234539920466,
    "74": 0.35270922686996825,
    "75": 0.35289815008293035,
    "76": 0.3495950099552878,
    "77": 0.3511132183590854,
    "78": 0.3514012154162476,
    "79": 0.34856397091147623,
    "80": 0.3448804701980253,
    "81": 0.35513417537326875,
    "82": 0.3514502085812342,
    "83": 0.3523583103528607,
    "84": 0.3507255892704154,
    "85": 0.3507472557367176,
    "86": 0.35008671669027286,
    "87": 0.34995953093150145,
    "88": 0.3475005671048568,
    "89": 0.3467170375008889,
    "90": 0.3431125164658886,
    "91": 0.34692358577888904,
    "92": 0.3483065113854499,
    "93": 0.34651725419658624,
    "94": 0.3499561133239645,
    "95": 0.347734241505121,
    "96": 0.3463969940824321,
    "97": 0.3478214855067418,
    "98": 0.3489024461845171,
    "99": 0.34554076049263077,
    "100": 0.343394815884966,
    "101": 0.3486558587683356,
    "102": 0.34713955905345023,
    "103": 0.34411788471504007,
    "104": 0.34080986520667916,
    "105": 0.34287198264620505,
    "106": 0.34136260646313743,
    "107": 0.3460774290452726,
    "108": 0.3435580852577467,
    "109": 0.3405411144728794,
    "110": 0.3376029833968234,
    "111": 0.34391918624788004,
    "112": 0.34645042886103844,
    "113": 0.348370057358972,
    "114": 0.34562035047291323,
    "115": 0.34321769220674975,
    "116": 0.34351288526168244,
    "117": 0.34195468453807454,
    "118": 0.33983985863254074,
    "119": 0.3390768391488021,
    "120": 0.33768346215174067,
    "121": 0.35132370886248165,
    "122": 0.3501734789581959,
    "123": 0.34754424021360686,
    "124": 0.3468385283193989,
    "125": 0.34554770759763814,
    "126": 0.344130941646637,
    "127": 0.34191237054011947,
    "128": 0.3407510751567181,
    "129": 0.34137262510533917,
    "130": 0.33876482344850295,
    "131": 0.33624473836258795,
    "132": 0.3337989247275516,
    "133": 0.34034672184107867,
    "134": 0.8780189024957082,
    "135": 0.34734587893300184,
    "136": 0.34415929179962684,
    "137": 0.34280970388424326,
    "138": 0.34102815305430273,
    "139": 0.3409777737283997,
    "140": 0.3400981684694189,
    "141": 0.34346963960141375,
    "142": 0.3411456083011319,
    "143": 0.3409457640866292,
    "144": 0.34227611943317804,
    "145": 0.34283892384488657,
    "146": 0.3434362788467881,
    "147": 0.34175404556557165,
    "148": 0.33982146336352764,
    "149": 0.33792414529575854,
    "150": 0.33706354697813745,
    "151": 0.3402575733847719,
    "152": 0.3384853166647426,
    "153": 0.3362862253186006,
    "154": 0.33415769168078696,
    "155": 0.33206869918733256,
    "156": 0.32998580001555566,
    "157": 0.3402013565144884,
    "158": 0.34127328614320324,
    "159": 0.3408645777373132,
    "160": 0.33939655055625145,
    "161": 0.33863001845812246,
    "162": 0.3370215527229074,
    "163": 0.3374326293135568,
    "164": 0.33732758534619073,
    "165": 0.33556885511397533,
    "166": 0.8199719412958072,
    "167": 0.33283459193233994,
    "168": 0.3324746511768503,
    "169": 0.34223142175667526,
    "170": 0.34148430908353855,
    "171": 0.34144675670055,
    "172": 0.3404238726709092,
    "173": 0.33922021386052725,
    "174": 0.3390280386303455,
    "175": 0.3386815797775861,
    "176": 0.33820588420986847,
    "177": 0.3363255241904267,
    "178": 0.33444160907445847,
    "179": 0.3325905335056009,
    "180": 0.3310003097254764,
    "181": 0.32994461412928255,
    "182": 0.3299875963824068,
    "183": 0.3394908515545949,
    "184": 0.3392602878201514,
    "185": 0.338561683652557,
    "186": 0.3409810311180929,
    "187": 0.34023435096500837,
    "188": 0.3394799654936246,
    "189": 0.3388212818089524,
    "190": 0.3382314598226626,
    "191": 0.336755542499318,
    "192": 0.33507535349675716,
    "193": 0.333339466188897,
    "194": 0.332998794456869,
    "195": 0.3325759325102731,
    "196": 0.33326140499319745,
    "197": 0.33580339638620665,
    "198": 0.3373144928769583,
    "199": 0.3382693804304795,
    "200": 0.3375488561188903
  }
}