{
  "cv_score": 70.6473268976368,
  "baseline_score": 70.64732689763682,
  "improvement": 1.4210854715202004e-14,
  "target": 68.888293,
  "gap": 1.7590338976367974,
  "num_sources": 3,
  "overlap_ns_reverted": 0
}