{
  "cv_score": 70.6140983530432,
  "baseline_score": 70.61510188576513,
  "improvement": 0.0010035327219242163,
  "n_improvements": 46,
  "improvements": [
    [
      36,
      0.0003335592252777797,
      "submission.csv"
    ],
    [
      65,
      0.0003268700271982783,
      "submission.csv"
    ],
    [
      94,
      0.00022436873497394538,
      "submission.csv"
    ],
    [
      57,
      2.763326360971652e-05,
      "submission.csv"
    ],
    [
      101,
      2.403311157683774e-05,
      "submission.csv"
    ],
    [
      35,
      1.5455635746564056e-05,
      "submission.csv"
    ],
    [
      15,
      7.549977558030108e-06,
      "submission.csv"
    ],
    [
      88,
      7.482112563350629e-06,
      "submission.csv"
    ],
    [
      95,
      3.4724038934230705e-06,
      "submission.csv"
    ],
    [
      87,
      2.7905868820732316e-06,
      "submission.csv"
    ],
    [
      66,
      2.6324425994594947e-06,
      "submission.csv"
    ],
    [
      78,
      2.32016231171972e-06,
      "submission.csv"
    ],
    [
      159,
      2.1393111652723285e-06,
      "submission.csv"
    ],
    [
      131,
      1.7668254176927967e-06,
      "submission.csv"
    ],
    [
      184,
      1.6456317497026696e-06,
      "submission.csv"
    ],
    [
      81,
      1.6432299490554136e-06,
      "submission.csv"
    ],
    [
      97,
      1.629097298394555e-06,
      "submission.csv"
    ],
    [
      58,
      1.3550713557908267e-06,
      "submission.csv"
    ],
    [
      64,
      1.3169753089181668e-06,
      "submission.csv"
    ],
    [
      93,
      1.287166645713711e-06,
      "submission.csv"
    ]
  ]
}