{
  "cv_score": 70.64732689763682,
  "overlaps": 0,
  "target": 68.894234,
  "gap_to_target": 1.7530928976368187
}