{
  "cv_score": 70.52331967787894,
  "overlaps": 9388,
  "target": 68.894234,
  "gap_to_target": 1.6290856778789475,
  "scores_by_n": {
    "1": 0.6612499999999945,
    "2": 0.43732757882782786,
    "3": 0.43474513903471174,
    "4": 0.4110559130270498,
    "5": 0.39410918824789415,
    "6": 0.39961028676389415,
    "7": 0.399896550521489,
    "8": 0.3854072516519446,
    "9": 0.3874150329008726,
    "10": 0.3766300406366171,
    "11": 0.37492371910118827,
    "12": 0.37272399243864646,
    "13": 0.37229401236401904,
    "14": 0.3695427692132532,
    "15": 0.37694864468354145,
    "16": 0.37389433682806533,
    "17": 0.37004030013414313,
    "18": 0.36877122977731536,
    "19": 0.3686153320171594,
    "20": 0.3760568595792047,
    "21": 0.3764508984230119,
    "22": 0.3752581015242409,
    "23": 0.368750422980784,
    "24": 0.3655055886789786,
    "25": 0.37214437011922635,
    "26": 0.37399695523363075,
    "27": 0.3627188742947226,
    "28": 0.36610521261991796,
    "29": 0.36708230833418765,
    "30": 0.3608834426045261,
    "31": 0.37032927462345655,
    "32": 0.36541724934284164,
    "33": 0.3693584531316266,
    "34": 0.36903552252563054,
    "35": 0.3660565378252998,
    "36": 0.3580490615811305,
    "37": 0.369527561525475,
    "38": 0.3661343553245707,
    "39": 0.3614979909517751,
    "40": 0.3621270319754538,
    "41": 0.3678311731399877,
    "42": 0.36683861205470475,
    "43": 0.36706500531550157,
    "44": 0.3662706598764683,
    "45": 0.36339682657570693,
    "46": 0.36413345724352636,
    "47": 0.3564183655004106,
    "48": 0.3552205738382876,
    "49": 0.3634298658931239,
    "50": 0.3607531340966368,
    "51": 0.3655728200573894,
    "52": 0.3606282312683584,
    "53": 0.3587866056338813,
    "54": 0.3521694535140674,
    "55": 0.3467894295339263,
    "56": 0.3409533289627561,
    "57": 0.3535090420174057,
    "58": 0.3634842944630928,
    "59": 0.36023934599962765,
    "60": 0.3572584051260953,
    "61": 0.35826141622054886,
    "62": 0.3535597091080937,
    "63": 0.3527938612322265,
    "64": 0.34868495584880466,
    "65": 0.36161113890664576,
    "66": 0.35888194679384217,
    "67": 0.3538542862887173,
    "68": 0.35362155900821124,
    "69": 0.35370591679122293,
    "70": 0.34935519657558894,
    "71": 0.34832762572967263,
    "72": 0.3485591138040719,
    "73": 0.35316234539920477,
    "74": 0.3527092268699681,
    "75": 0.3528981500829302,
    "76": 0.34959500995528775,
    "77": 0.35021053116115886,
    "78": 0.3513528931159064,
    "79": 0.34800397152979734,
    "80": 0.34365392199363776,
    "81": 0.3551341753732687,
    "82": 0.3514502085812342,
    "83": 0.35235831035286086,
    "84": 0.35072558926697106,
    "85": 0.35074725573671767,
    "86": 0.3500867166902728,
    "87": 0.3499595309315015,
    "88": 0.34750056710485683,
    "89": 0.34671703750088895,
    "90": 0.3431125164658885,
    "91": 0.34692358577888904,
    "92": 0.3483065113854498,
    "93": 0.34651725419658624,
    "94": 0.3499561133239644,
    "95": 0.3477342415051209,
    "96": 0.34630274547753936,
    "97": 0.34773559880367155,
    "98": 0.34890244618451716,
    "99": 0.3454976909157092,
    "100": 0.34339481588496595,
    "101": 0.3486558587683356,
    "102": 0.3471395590534107,
    "103": 0.34411788471115473,
    "104": 0.3408098652066792,
    "105": 0.34287198264620505,
    "106": 0.34136260641600547,
    "107": 0.3454515137836831,
    "108": 0.34262737326546117,
    "109": 0.33988460958426586,
    "110": 0.33719871216779096,
    "111": 0.34391918624788004,
    "112": 0.3464504288610385,
    "113": 0.3483700573589719,
    "114": 0.34562035047291323,
    "115": 0.3432176922067498,
    "116": 0.3435128852616825,
    "117": 0.34195468453807465,
    "118": 0.3392837197875198,
    "119": 0.3383606796429954,
    "120": 0.3368861929473862,
    "121": 0.3513237088624816,
    "122": 0.35017347895819595,
    "123": 0.34754424021360686,
    "124": 0.346639938489029,
    "125": 0.3451692299137398,
    "126": 0.3438383972859546,
    "127": 0.341912370540068,
    "128": 0.3407510751567181,
    "129": 0.3406883860371781,
    "130": 0.33811873313668717,
    "131": 0.3360472073255044,
    "132": 0.3337989247275516,
    "133": 0.3403467218410786,
    "134": 0.3464721143650741,
    "135": 0.34734587893300184,
    "136": 0.34415929179962695,
    "137": 0.34280970388424326,
    "138": 0.34102815305425355,
    "139": 0.3403778182186612,
    "140": 0.33916316005371216,
    "141": 0.34346963960141363,
    "142": 0.3411456083011319,
    "143": 0.34094576408662913,
    "144": 0.3422761194331779,
    "145": 0.3428389238448866,
    "146": 0.34343627884678807,
    "147": 0.34175404556557154,
    "148": 0.3398214633635277,
    "149": 0.33792414529575854,
    "150": 0.33706016098336605,
    "151": 0.3402575733847719,
    "152": 0.3383490370884324,
    "153": 0.33616106860691175,
    "154": 0.33403028427518355,
    "155": 0.3319284741369888,
    "156": 0.329911906615794,
    "157": 0.3402013565144883,
    "158": 0.34127328614320324,
    "159": 0.34086457773731316,
    "160": 0.3393965505562514,
    "161": 0.33863001845812235,
    "162": 0.3370215527229074,
    "163": 0.33743262931355683,
    "164": 0.3373275853461907,
    "165": 0.33556885511101064,
    "166": 0.3341153848512776,
    "167": 0.3321286932630825,
    "168": 0.33154791725659355,
    "169": 0.34223142175667526,
    "170": 0.34148430908353855,
    "171": 0.34144675670055,
    "172": 0.34042387267090923,
    "173": 0.33922021386052725,
    "174": 0.3390280386303455,
    "175": 0.33846321126601725,
    "176": 0.3380746874280458,
    "177": 0.33617524150439754,
    "178": 0.3343639740520543,
    "179": 0.3325712724162086,
    "180": 0.3310003097254763,
    "181": 0.3299446141292826,
    "182": 0.3299875963824069,
    "183": 0.3394908515545947,
    "184": 0.33926028782015144,
    "185": 0.33823254454349844,
    "186": 0.3409810311180929,
    "187": 0.34023435096500837,
    "188": 0.3394799654936246,
    "189": 0.33882128180895227,
    "190": 0.3379013939141155,
    "191": 0.33628474712060596,
    "192": 0.3345809941864925,
    "193": 0.3333394661888968,
    "194": 0.3329987944568688,
    "195": 0.3325759325102732,
    "196": 0.33326140499319745,
    "197": 0.33580339638620665,
    "198": 0.3373144928769583,
    "199": 0.3382693804304794,
    "200": 0.3375488561188903
  }
}