{
  "cv_score": 70.63047845375752,
  "baseline_score": 70.63047845375752,
  "test_results": {
    "10": {
      "baseline": 0.3766300406366173,
      "asymmetric": 0.9882867151383279,
      "method": "radial_r4",
      "improvement": -0.6116566745017106
    },
    "20": {
      "baseline": 0.3760568595792048,
      "asymmetric": 1.0190982898872618,
      "method": "random_r3",
      "improvement": -0.6430414303080569
    },
    "30": {
      "baseline": 0.3608834426045261,
      "asymmetric": 0.9572261633464282,
      "method": "random_r0",
      "improvement": -0.5963427207419021
    }
  },
  "improvements_found": [],
  "any_improvement": false
}