sample_id,target
ID1001187975__Dry_Green_g,24.756310161226285
ID1001187975__Dry_Dead_g,22.428679126389103
ID1001187975__Dry_Clover_g,2.0743665172839583
ID1001187975__GDM_g,36.55016431232998
ID1001187975__Dry_Total_g,69.53088364488863
