{
  "cv_score": 70.315537141633,
  "baseline_score": 70.315653,
  "improvement": 0.00011585836699623542,
  "num_improvements": 1,
  "improvements": [
    [
      31,
      0.00011576498415954983
    ]
  ]
}