{
  "baseline_single_mse": 0.008174758969061842,
  "baseline_full_mse": 0.00978384617685101,
  "baseline_combined_mse": 0.009223271982315855,
  "best_blend_threshold": 0.1,
  "best_combined_mse": 0.00939688038758431,
  "all_results": [
    {
      "blend_threshold": 0.05,
      "single_mse": 0.00865649159654239,
      "full_mse": 0.009793782529036123,
      "combined_mse": 0.009397572836143989
    },
    {
      "blend_threshold": 0.1,
      "single_mse": 0.008645506423565407,
      "full_mse": 0.009798592955144538,
      "combined_mse": 0.00939688038758431
    },
    {
      "blend_threshold": 0.2,
      "single_mse": 0.00863971860209834,
      "full_mse": 0.009801816082498908,
      "combined_mse": 0.009396964278386974
    }
  ],
  "cv_score": 0.00939688038758431,
  "notes": "Uncertainty-weighted conservative predictions. Trains multiple models with different seeds and blends toward median when uncertainty is high."
}