iter	RMSE
0	47.18283273
1	33.19761033
2	26.80121323
3	23.91302765
4	22.70585447
5	22.13817899
6	21.81241787
7	21.60563314
8	21.47594904
9	21.28208211
