{
  "cv_score": 70.67610239809181,
  "total_n_values": 200,
  "total_rows": 20100,
  "worst_n": 1,
  "worst_n_contribution": 0.6612499999999945
}