{
  "5": {
    "baseline_side": 1.443692472141104,
    "baseline_score": 0.4168495908233784,
    "best_side": 2.22850482961453,
    "best_score": 0.9932467551230572,
    "improvement": -0.5763971642996788,
    "time": 0.06760716438293457
  },
  "10": {
    "baseline_side": 1.940695856224301,
    "baseline_score": 0.3766300406366173,
    "best_side": 2.9361708452395296,
    "best_score": 0.8621099232434615,
    "improvement": -0.48547988260684416,
    "time": 0.13542842864990234
  },
  "15": {
    "baseline_side": 2.3778624161740565,
    "baseline_score": 0.37694864468354145,
    "best_side": 2.93617084523953,
    "best_score": 0.5747399488289744,
    "improvement": -0.19779130414543294,
    "time": 0.21085190773010254
  },
  "20": {
    "baseline_side": 2.7424691778731254,
    "baseline_score": 0.3760568595792048,
    "best_side": 3.64383686086453,
    "best_score": 0.6638773534297536,
    "improvement": -0.2878204938505488,
    "time": 0.29419445991516113
  },
  "30": {
    "baseline_side": 3.290365219566938,
    "baseline_score": 0.3608834426045261,
    "best_side": 4.35150287648953,
    "best_score": 0.6311859094698884,
    "improvement": -0.2703024668653623,
    "time": 0.4792520999908447
  }
}