{
  "cv_score": 70.618925,
  "overlaps": 0,
  "target": 68.894234,
  "gap": 1.724691,
  "notes": "Ensemble from snapshot 21328309254 with overlap repair using valid baseline. Improved from 70.627569 to 70.618925 (0.0086 improvement). Still 1.72 points from target."
}
