{"cv_score": 70.62789589950205, "best_score": 70.63045459591936, "improvements": 4, "total_improvement": 0.0025586964173101023, "improvement_details": [[52, 6.64417593790323e-05], [63, 5.887479511057503e-05], [76, 3.557874968984631e-05], [88, 0.002397801113127096]]}