{
  "original_score": 70.67610239809186,
  "optimized_score": 70.67611196554955,
  "improvement": -9.567457695425219e-06,
  "source": "saspav",
  "target": 68.922808
}