{
  "baseline_total": 70.30747100645627,
  "large_n_contribution": 33.88077719850653,
  "improvements": {},
  "total_improvement": 0
}