{
  "cv_score": 70.627582,
  "total_improvement": 0.0,
  "results": {
    "51": {
      "baseline": 0.36557282006472847,
      "best": 0.36557282006472847,
      "method": "baseline",
      "improvement": 0.0
    },
    "60": {
      "baseline": 0.3572584051260953,
      "best": 0.3572584051260953,
      "method": "baseline",
      "improvement": 0.0
    },
    "72": {
      "baseline": 0.3485591138169804,
      "best": 0.3485591138169804,
      "method": "baseline",
      "improvement": 0.0
    },
    "80": {
      "baseline": 0.344880470500085,
      "best": 0.344880470500085,
      "method": "baseline",
      "improvement": 0.0
    },
    "90": {
      "baseline": 0.3431125165161712,
      "best": 0.3431125165161712,
      "method": "baseline",
      "improvement": 0.0
    },
    "100": {
      "baseline": 0.343427426569443,
      "best": 0.343427426569443,
      "method": "baseline",
      "improvement": 0.0
    }
  }
}