{
  "cv_score": 0.009238990625786331,
  "single_cv": 0.009783122199040543,
  "full_cv": 0.00869485905253212,
  "model": "EnsembleModel (CatBoost + XGBoost with correlation filtering)",
  "baseline_cv": 0.008298,
  "improvement": "-11.34%"
}