{
  "cv_score": 70.61510625340564,
  "baseline_score": 70.64732689763682,
  "improvement": 0.03222064423117388,
  "target": 68.888293,
  "gap": 1.7268132534056377
}