{
  "cv_score": 70.61574376181653,
  "baseline_score": 70.647327,
  "improvement": 0.03158323818347242,
  "target": 68.888293,
  "gap": 1.7274507618165273,
  "total_csvs_scanned": 118,
  "valid_solutions": 200,
  "potential_improvement_if_overlaps_fixed": 0.092424,
  "n_values_with_better_overlapping_solutions": 57
}