{
  "cv_score": 70.61574376213281,
  "baseline_score": 70.64732689763682,
  "improvement": 0.03158313550400749,
  "target": 68.888293,
  "gap": 1.7274507621328041,
  "fixed_n_values": [
    2,
    29,
    103,
    138
  ],
  "overlaps_fixed": 4
}