{
  "cv_score": 70.61579142498614,
  "total_score": 70.61579142498614,
  "overlap_errors": 0,
  "target": 68.888293,
  "gap": 1.7274984249861376,
  "source": "snapshot_21337107511"
}