{
  "best_angle": 45.0,
  "best_size": 0.8131727983645297,
  "best_score": 0.6612500000000001,
  "current_angle": 45.0,
  "current_size": 0.8131727983645297,
  "current_score": 0.6612500000000001,
  "improvement": 0.0
}