{
  "cv_score": 70.64732689763682,
  "scores_by_n": {
    "1": 0.6612500000000022,
    "2": 0.45077918286284313,
    "3": 0.4347451390347121,
    "4": 0.4165448485961493,
    "5": 0.4168495908311189,
    "6": 0.3996102867638954,
    "7": 0.39989655054978357,
    "8": 0.3854072516519457,
    "9": 0.38741503291291657,
    "10": 0.37663004063681754,
    "11": 0.37492371913609707,
    "12": 0.37272399243885973,
    "13": 0.3722940123805267,
    "14": 0.3695427692168258,
    "15": 0.37920285077227867,
    "16": 0.3741279942223368,
    "17": 0.37004030013414324,
    "18": 0.36877122977731536,
    "19": 0.36861533201723534,
    "20": 0.3760568595792131,
    "21": 0.3764508984240057,
    "22": 0.37525810222025535,
    "23": 0.3687504230024534,
    "24": 0.36550558873173533,
    "25": 0.3721443701220849,
    "26": 0.3739969552336324,
    "27": 0.3627188742947233,
    "28": 0.36610521262001766,
    "29": 0.3670823083361282,
    "30": 0.36088344260464505,
    "31": 0.37032927462354903,
    "32": 0.36541724960906286,
    "33": 0.36935845313251514,
    "34": 0.36903556020262684,
    "35": 0.36685493640003664,
    "36": 0.3588199975397926,
    "37": 0.36952758967523547,
    "38": 0.36652201597511647,
    "39": 0.36149799109439945,
    "40": 0.3621480316184271,
    "41": 0.3678311734349383,
    "42": 0.3668386120903736,
    "43": 0.370039987069507,
    "44": 0.36627065990281676,
    "45": 0.3633968275447338,
    "46": 0.3644524661252632,
    "47": 0.3574929805457572,
    "48": 0.35552990940733536,
    "49": 0.36342986613492956,
    "50": 0.36075313412727034,
    "51": 0.3655728203706613,
    "52": 0.3613392431059989,
    "53": 0.3618552260812786,
    "54": 0.359140176853191,
    "55": 0.3550231183701277,
    "56": 0.35228060329284255,
    "57": 0.3535280557462453,
    "58": 0.3634878456599271,
    "59": 0.36058345082440446,
    "60": 0.35725840513267954,
    "61": 0.3582836638010909,
    "62": 0.35365998238165913,
    "63": 0.35312976795920387,
    "64": 0.35046807458843066,
    "65": 0.3637933993552573,
    "66": 0.35888194679387625,
    "67": 0.3538542865367813,
    "68": 0.3536215590293225,
    "69": 0.3545284344957595,
    "70": 0.34951286032894063,
    "71": 0.3522318226899682,
    "72": 0.3485591142974164,
    "73": 0.3531973220366344,
    "74": 0.3527092283795825,
    "75": 0.3528981504980628,
    "76": 0.3512182954879379,
    "77": 0.351113218806779,
    "78": 0.35157548633634933,
    "79": 0.34856397091147623,
    "80": 0.344880470994435,
    "81": 0.35521557844526075,
    "82": 0.3514502094624501,
    "83": 0.35235871856404205,
    "84": 0.3507255892672901,
    "85": 0.35094088104993804,
    "86": 0.35008792648550907,
    "87": 0.35369116110641385,
    "88": 0.3506434269673186,
    "89": 0.34671703764076767,
    "90": 0.34311251678830296,
    "91": 0.3479109525767047,
    "92": 0.3483097605537618,
    "93": 0.34655559879837916,
    "94": 0.3500758984124595,
    "95": 0.34909245973750574,
    "96": 0.3463969953097313,
    "97": 0.3478386065830605,
    "98": 0.34894749358918653,
    "99": 0.34554076049233795,
    "100": 0.34553087321157455,
    "101": 0.34880132329493424,
    "102": 0.34713955905344973,
    "103": 0.3441178847117967,
    "104": 0.34080986527936596,
    "105": 0.3428720830117831,
    "106": 0.34136260646313754,
    "107": 0.3460774295103341,
    "108": 0.34355932250808735,
    "109": 0.34054111463804443,
    "110": 0.33760298339682326,
    "111": 0.3439211438808982,
    "112": 0.34645043155113003,
    "113": 0.3483700593773579,
    "114": 0.34562035225868115,
    "115": 0.34333250556400796,
    "116": 0.34351292992333704,
    "117": 0.34195468735451584,
    "118": 0.33983986363383994,
    "119": 0.33907684065423777,
    "120": 0.3376834641454025,
    "121": 0.351327151457058,
    "122": 0.3501734797196284,
    "123": 0.3475645691349182,
    "124": 0.34683852964557327,
    "125": 0.345547715453683,
    "126": 0.3441309416466371,
    "127": 0.34191237054011203,
    "128": 0.340973666831552,
    "129": 0.3413848566502841,
    "130": 0.3387941355860882,
    "131": 0.33629619071908495,
    "132": 0.3337989908804661,
    "133": 0.34034692140754647,
    "134": 0.3464721775176619,
    "135": 0.347345911599227,
    "136": 0.345331084613166,
    "137": 0.34281041976197496,
    "138": 0.3410281533676347,
    "139": 0.3409778589958047,
    "140": 0.3400981702131923,
    "141": 0.34346975769283483,
    "142": 0.3411456748335044,
    "143": 0.3410445871893723,
    "144": 0.34227612581959127,
    "145": 0.34283896931999547,
    "146": 0.3434363026286937,
    "147": 0.3417541457698244,
    "148": 0.33982165462652136,
    "149": 0.33792709926334075,
    "150": 0.33706354934684946,
    "151": 0.3402575736971376,
    "152": 0.3384853168159554,
    "153": 0.3362863483810722,
    "154": 0.33415769168078563,
    "155": 0.33206869993029425,
    "156": 0.3299868217602364,
    "157": 0.3402039441565361,
    "158": 0.34127329585641664,
    "159": 0.34087595694740297,
    "160": 0.33940005353644886,
    "161": 0.33863004317926265,
    "162": 0.3370216565881291,
    "163": 0.3375140574471322,
    "164": 0.33732758693264847,
    "165": 0.33556885511154644,
    "166": 0.3348189928809785,
    "167": 0.332834593605688,
    "168": 0.3324746534074005,
    "169": 0.3424998478301824,
    "170": 0.3414843109186298,
    "171": 0.341446760123988,
    "172": 0.3404250321438838,
    "173": 0.3394849352206608,
    "174": 0.3390280624336587,
    "175": 0.3386815828682692,
    "176": 0.33820589394402717,
    "177": 0.3363260102628895,
    "178": 0.33444160999201655,
    "179": 0.33259468724022845,
    "180": 0.3310004069992501,
    "181": 0.3299446543455978,
    "182": 0.3299875996019983,
    "183": 0.33949195306070573,
    "184": 0.3394110423643861,
    "185": 0.338561687046445,
    "186": 0.3409812537162004,
    "187": 0.34023441630335544,
    "188": 0.33947997131441215,
    "189": 0.338821283726974,
    "190": 0.3382314615188597,
    "191": 0.3367557188755248,
    "192": 0.33507741944065206,
    "193": 0.3333412670083169,
    "194": 0.3329992527015305,
    "195": 0.33258556129518063,
    "196": 0.333263517577191,
    "197": 0.3358802569778125,
    "198": 0.33731450360277376,
    "199": 0.3382693838774397,
    "200": 0.33754947739898566
  }
}