{
  "cv_score": 70.61510651670615,
  "baseline_score": 70.61574377575212,
  "improvement": 0.0006372590459733374,
  "rotation_improvements": 0,
  "backprop_improvements": 1,
  "final_overlaps": 0,
  "target": 68.888293,
  "gap": 1.7268135167061445
}