{"cv_score": 0.01678742069482466, "single_mse": 0.01617962209691509, "full_mse": 0.01739521929273423}