{
  "10": {
    "baseline": 0.3766300406342545,
    "best_score": 0.3766300406342545,
    "improvement": 0.0
  },
  "20": {
    "baseline": 0.3717948651576911,
    "best_score": 0.3717948651576911,
    "improvement": 0.0
  },
  "30": {
    "baseline": 0.36088275449809726,
    "best_score": 0.36088275449809726,
    "improvement": 0.0
  },
  "50": {
    "baseline": 0.3600044039994186,
    "best_score": 0.3600044039994186,
    "improvement": 0.0
  },
  "100": {
    "baseline": 0.34276119785152126,
    "best_score": 0.34276119785152126,
    "improvement": 0.0
  }
}