{
  "10": {
    "baseline": 0.3766300406342545,
    "ga_score": 0.6624203591841871,
    "improvement": -0.2857903185499326
  },
  "15": {
    "baseline": 0.37438053538454535,
    "ga_score": 0.6250908692882237,
    "improvement": -0.2507103339036783
  },
  "20": {
    "baseline": 0.3717948651576911,
    "ga_score": 2.1884673775701873,
    "improvement": -1.816672512412496
  },
  "25": {
    "baseline": 0.3686395905654456,
    "ga_score": 2.943218856832093,
    "improvement": -2.574579266266648
  },
  "30": {
    "baseline": 0.36088275449809726,
    "ga_score": 3.2553613502971888,
    "improvement": -2.8944785957990913
  }
}