{
  "cv_score": 70.6304783244917,
  "source": "saspav/santa-2025-csv dataset (downloaded 2026-01-20)",
  "valid": true,
  "improvement_over_baseline": 0.016848675508299493
}