{
  "cv_score": 70.34091744807057,
  "baseline_score": 70.34091744807057,
  "improvement": 0.0,
  "n_improved": 0,
  "final_overlaps": 0,
  "target": 68.879235,
  "gap": 1.461682448070576
}