{
  "cv_score": 70.34214048411461,
  "baseline_score": 70.61510188576513,
  "exp010_score": 70.36509130461903,
  "improvement_over_baseline": 0.2729614016505195,
  "improvement_over_exp010": 0.022950820504419767,
  "num_improvements": 127,
  "safe_threshold": 0.0001,
  "problematic_threshold": 0.001,
  "problematic_n": [
    2,
    70,
    138,
    123,
    79
  ],
  "rejected_small": 11203,
  "rejected_overlap": 3061,
  "notes": "Selective threshold ensemble - lower threshold for safe N values"
}