{"cv_score": 0.009537, "single_mse": 0.010107, "full_mse": 0.009231}
