{
  "cv_score": 70.62608831308174,
  "overlaps": [],
  "source_file": "/home/nonroot/snapshots/santa-2025/21222392487/code/submission_candidates/candidate_024.csv",
  "target": 68.897509,
  "gap": 1.7285793130817382,
  "lb_verified": true,
  "lb_score": 70.626088313081
}