{
  "cv_score": 70.61578810306398,
  "ensemble_score_before": 70.61578810306398,
  "baseline_score": 70.67610239809187,
  "improvement_from_bbox3": 0.0,
  "total_improvement_over_baseline": 0.06031429502789365,
  "is_valid": true,
  "overlaps_repaired": []
}