{
  "cv_score": 70.62243491373589,
  "baseline_score": 70.62243491373589,
  "improvement": 0.0,
  "n1_optimal_angle": 45.0,
  "n1_improvement": -5.662137425588298e-15,
  "fractional_translation_improvements": 0,
  "overlap_errors": 0,
  "target": 68.888293,
  "gap": 1.7341419137358827
}