{
  "cv_score": 70.624381,
  "baseline_score": 70.624381,
  "improvement": 0.0,
  "approach": "jiweiliu SA + DE for small N",
  "jiweiliu_sa_improved": 0,
  "de_results": {
    "1": 0.6612500000417367,
    "2": 0.4617484580099514,
    "3": 0.6855640069844348,
    "4": 0.8433048541834197,
    "5": 1.1001306807072175
  },
  "conclusion": "Baseline already at strong local optimum - no improvements found"
}