{"cv_score": 70.62760781485349, "test_results": {"5": {"baseline_side": 1.443692472141104, "baseline_score": 0.4168495908233784, "found_side": 2.199999999999996, "found_score": 0.9679999999999966, "improvement": -0.5511504091766182}, "10": {"baseline_side": 1.940695856224301, "baseline_score": 0.3766300406366173, "found_side": 3.483494167306862, "found_score": 1.213473161366093, "improvement": -0.8368431207294756}, "15": {"baseline_side": 2.377955118980222, "baseline_score": 0.3769780365256162, "found_side": 3.627982261417264, "found_score": 0.8774836859438884, "improvement": -0.5005056494182722}, "20": {"baseline_side": 2.7424691778731254, "baseline_score": 0.3760568595792048, "found_side": 4.400000000000002, "found_score": 0.9680000000000009, "improvement": -0.591943140420796}}, "total_improvement": 0, "approach": "greedy_chebyshev_packing"}