{
  "cv_score": 70.3732120806781,
  "n_sources": 91,
  "source_counts": {
    "santa-2025": 195,
    "snap_21345558927": 2,
    "our_best": 2,
    "snap_21328310479": 1
  },
  "n_overlaps": 0,
  "target": 68.888293,
  "gap": 1.4849190806780967
}