{
  "cv_score": 70.37333405974792,
  "source_counts": {
    "santa-2025": 196,
    "our_best": 4
  },
  "n_overlaps": 0,
  "target": 68.888293,
  "gap": 1.485041059747914
}