{
  "cv_score": 169.45899202157102,
  "overlapping_n_count": 0,
  "per_n_scores": {
    "1": 0.66125,
    "2": 0.8415782654697638,
    "3": 0.9363290377596726,
    "4": 0.884284732138791,
    "5": 0.7215561668827734,
    "6": 0.855599882553243,
    "7": 0.8558324126742403,
    "8": 0.7488533610899603,
    "9": 0.7966309384747197,
    "10": 0.7169678446272477,
    "11": 0.9606112222801104,
    "12": 0.8805602870901011,
    "13": 0.8128248803908626,
    "14": 0.8755852425274054,
    "15": 0.8377372924298622,
    "16": 0.7853787116529958,
    "17": 0.9759059484523976,
    "18": 0.9611058874617358,
    "19": 0.9105213670690129,
    "20": 0.902220252383998,
    "21": 1.016115818604303,
    "22": 0.9992527526495281,
    "23": 0.9558069807952008,
    "24": 0.9159816899287341,
    "25": 0.8793424223315847,
    "26": 0.8455215599342161,
    "27": 0.8142059466033191,
    "28": 0.7851271627960578,
    "29": 0.8454729738811223,
    "30": 0.8947074668257305,
    "31": 0.8658459356378038,
    "32": 0.8990093699279725,
    "33": 0.8915331631114899,
    "34": 0.9751238346131472,
    "35": 0.9472631536242001,
    "36": 0.9209502882457501,
    "37": 0.8960597399147839,
    "38": 0.8724792204433423,
    "39": 0.8501079583806924,
    "40": 0.9527236795778735,
    "41": 0.9294865166613401,
    "42": 0.9073558853122605,
    "43": 0.8862545856538359,
    "44": 0.8661124359798851,
    "45": 0.87713511494659,
    "46": 0.8580669602738381,
    "47": 0.8398102164382245,
    "48": 0.8223141702624281,
    "49": 0.8055322484203378,
    "50": 0.789421603451931,
    "51": 0.8298198440609877,
    "52": 0.8932307941451806,
    "53": 0.8763773829348941,
    "54": 0.8601481721398035,
    "55": 0.8445091144645344,
    "56": 0.8294285945633819,
    "57": 0.8586470098803594,
    "58": 0.8511255628485206,
    "59": 0.836699705851088,
    "60": 0.8227547107535699,
    "61": 0.8092669286100688,
    "62": 0.7962142362131321,
    "63": 0.7835759150033998,
    "64": 0.8810537518641588,
    "65": 0.8674990787585564,
    "66": 0.8543551533228206,
    "67": 0.8502534782322637,
    "68": 0.837749750611201,
    "69": 0.8256084498777053,
    "70": 0.8524614742098766,
    "71": 0.8404549745731177,
    "72": 0.8454964313043478,
    "73": 0.8339142884097677,
    "74": 0.8226451764042303,
    "75": 0.8432308222648234,
    "76": 0.832135679866602,
    "77": 0.8213287229852175,
    "78": 0.8107988675623301,
    "79": 0.8634446464776543,
    "80": 0.8526515883966835,
    "81": 0.9656881081315623,
    "82": 0.9539114238860554,
    "83": 0.9424185151645367,
    "84": 0.9311992471268636,
    "85": 0.9202439618665476,
    "86": 0.9095434506820528,
    "87": 0.8990889282604201,
    "88": 0.8952994292922725,
    "89": 0.8852398851429211,
    "90": 0.8754038864191108,
    "91": 0.8657840634914283,
    "92": 0.8563733671491301,
    "93": 0.8471650513733331,
    "94": 0.893343248863411,
    "95": 0.8839396357174804,
    "96": 0.9115769408073895,
    "97": 0.9021792403866947,
    "98": 0.892973329770504,
    "99": 0.8839533971465595,
    "100": 0.8751138631750939,
    "101": 0.866449369480291,
    "102": 0.8579547678187195,
    "103": 0.849625109878732,
    "104": 0.8414556376683595,
    "105": 0.8334417744524704,
    "106": 0.8255791162029188,
    "107": 0.8178634235281251,
    "108": 0.822251253006175,
    "109": 0.8147076635290541,
    "110": 0.8073012302242445,
    "111": 0.8000282461681703,
    "112": 0.792885136827383,
    "113": 0.785868454200592,
    "114": 0.7789748712690079,
    "115": 0.7722011767362339,
    "116": 0.8318733709120266,
    "117": 0.8803441756580666,
    "118": 0.8728836317965575,
    "119": 0.8655484752268385,
    "120": 0.8583355712666149,
    "121": 0.8512418888594527,
    "122": 0.8442644963278179,
    "123": 0.8374005573332828,
    "124": 0.8306473270322079,
    "125": 0.8240021484159503,
    "126": 0.8174624488253475,
    "127": 0.8110257366298723,
    "128": 0.8552896307341872,
    "129": 0.8486594785579532,
    "130": 0.9050348500225637,
    "131": 0.8981261870452922,
    "132": 0.8913222007797976,
    "133": 0.8846205300972427,
    "134": 0.8780188843502484,
    "135": 0.8715150407624688,
    "136": 0.865106841933333,
    "137": 0.8587921934520678,
    "138": 0.8525690616154585,
    "139": 0.8464354712441243,
    "140": 0.8403895035923806,
    "141": 0.8344292943470446,
    "142": 0.8285530317107977,
    "143": 0.822758954565967,
    "144": 0.8170453507148144,
    "145": 0.8114105551926434,
    "146": 0.8058529486502279,
    "147": 0.8006139380936853,
    "148": 0.7952043844579172,
    "149": 0.8074694705290228,
    "150": 0.802086340725496,
    "151": 0.7967745106544663,
    "152": 0.7915325730843711,
    "153": 0.8295287216279068,
    "154": 0.8241421714874659,
    "155": 0.8188251252198048,
    "156": 0.8135762462119855,
    "157": 0.8083942319049029,
    "158": 0.8032778127156313,
    "159": 0.8057412176248976,
    "160": 0.800705335014742,
    "161": 0.7957320099525386,
    "162": 0.7908200839651772,
    "163": 0.7859684270083357,
    "164": 0.7811759365997483,
    "165": 0.8249414901677634,
    "166": 0.81997196311856,
    "167": 0.8150619513633591,
    "168": 0.8102103921290533,
    "169": 0.8054162477969288,
    "170": 0.8006785051628292,
    "171": 0.7959961747232805,
    "172": 0.7913682899865172,
    "173": 0.7867939068074045,
    "174": 0.7822721027452929,
    "175": 0.8197415469019875,
    "176": 0.8568357888456053,
    "177": 0.8798446758233943,
    "178": 0.8749017282064089,
    "179": 0.8700140090544178,
    "180": 0.8651805978930044,
    "181": 0.8604005945897282,
    "182": 0.8556731187952791,
    "183": 0.8509973094029551,
    "184": 0.8463723240257651,
    "185": 0.8417973384904908,
    "186": 0.8372715463480688,
    "187": 0.8327941583996834,
    "188": 0.8283644022379829,
    "189": 0.8239815218028613,
    "190": 0.8196447769512674,
    "191": 0.8153534430405277,
    "192": 0.8111068105246916,
    "193": 0.8069041845634238,
    "194": 0.8027448846429938,
    "195": 0.7986282442089271,
    "196": 0.794553610309902,
    "197": 0.7905203432524913,
    "198": 0.8176834537578979,
    "199": 0.8135744916787124,
    "200": 0.8095066192203189
  }
}