{"cv_score": 0.011730730945947648, "single_mse": 0.013911430421289209, "full_mse": 0.009550031470606086}