{
  "cv_score": 0.03126171549503812,
  "single_cv": 0.03365707290671401,
  "full_cv": 0.02886635808336222,
  "model": "MorganFeatureModel (GP+MLP+LGBM with Morgan FP + RDKit + Spange)",
  "baseline_cv": 0.008298,
  "improvement": "-276.74%"
}