{
  "cv_score": 70.622435,
  "source_snapshot": "21329068588",
  "improvement_over_baseline": 0.024892,
  "n_values_improved": 186,
  "overlaps": 0,
  "target": 68.888293,
  "gap": 1.734142
}
