{
  "cv_score": 70.615745,
  "source_snapshot": "21329067673",
  "improvement_over_baseline": 0.031582,
  "overlaps": 1,
  "overlap_area": "9.77e-34 (essentially zero)",
  "target": 68.888293,
  "gap": 1.727452
}
