{
  "cv_score": 70.6151065031326,
  "baseline_score": 70.615107,
  "improvement": 4.968674005567664e-07,
  "validated_improvements": 29
}