{
  "cv_score": 70.659437,
  "n2_current_score": 0.45059662161269703,
  "n2_best_found_score": 0.4507810974586199,
  "n2_improvement": -0.00018447584592284905,
  "best_angle": 156.3699999999992,
  "best_positions": [
    0.3081802355935638,
    -0.5229207744417266
  ],
  "notes": "Exhaustive search for N=2 optimal configuration"
}