{
  "cv_score": 0.00956641962502781,
  "mse_single": 0.008882579623561043,
  "mse_full": 0.00993202601538005,
  "baseline_cv": 0.009486732080987614,
  "n_seeds": 5,
  "confidence_percentile": 50,
  "notes": "PseudoLabelingModel - uses ensemble variance to identify confident predictions and smooth labels."
}