{
  "baseline_score": 70.67610239809186,
  "optimized_score": 70.67610239460683,
  "final_score": 70.67610239460683,
  "improvement": 3.4850273777919938e-09,
  "target": 68.922808,
  "optimizer": "tree_packer_v18",
  "iterations": 1000000,
  "restarts": 100
}