{
  "baseline_total": 70.30852517160058,
  "new_total": 70.30852517160058,
  "improvement": 0.0,
  "improvements_per_n": {}
}