{
  "cv_score": 70.67605908543506,
  "target_score": 68.894234,
  "gap": 1.7818250854350595,
  "gap_percent": 2.586319611935971,
  "baseline_score": 70.676102,
  "improvement": 4.291456494343038e-05
}