{
  "cv_score": 70.67584068118379,
  "target_score": 68.892266,
  "gap": 1.7835746811837794,
  "gap_percent": 2.5889331048913085,
  "baseline_score": 70.676102,
  "improvement": 0.00026131881621438424
}