{
  "cv_score": 70.67567235918612,
  "target_score": 68.892266,
  "gap": 1.7834063591861167,
  "gap_percent": 2.5886887784851154,
  "baseline_score": 70.676102,
  "improvement": 0.00042964081387708575
}