{
  "cv_score": 70.36509130461903,
  "baseline_score": 70.61510188576513,
  "exp010_score": 70.36509130461903,
  "improvement_over_baseline": 0.25001058114609975,
  "improvement_over_exp010": 0.0,
  "num_improvements": 74,
  "min_improvement_threshold": 0.001,
  "rejected_small": 15977,
  "rejected_overlap": 2411,
  "notes": "Mega-ensemble with external data and internal snapshots"
}