{
  "cv_score": 70.31565290661716,
  "baseline_score": 70.31649196900423,
  "improvement": 0.0008390623870724312,
  "num_improvements": 1,
  "overlap_rejections": 2542,
  "files_processed": 5098
}