{
  "5": {
    "baseline": 0.4168495908231223,
    "best": 0.4168495908231223,
    "best_method": "baseline",
    "improvement": 0.0
  },
  "10": {
    "baseline": 0.37663004063425476,
    "best": 0.37663004063425476,
    "best_method": "baseline",
    "improvement": 0.0
  },
  "15": {
    "baseline": 0.37438053538454535,
    "best": 0.37438053538454535,
    "best_method": "baseline",
    "improvement": 0.0
  },
  "20": {
    "baseline": 0.37179486515769133,
    "best": 0.37179486515769133,
    "best_method": "baseline",
    "improvement": 0.0
  },
  "25": {
    "baseline": 0.3686395905654459,
    "best": 0.3686395905654459,
    "best_method": "baseline",
    "improvement": 0.0
  },
  "30": {
    "baseline": 0.36088275449809754,
    "best": 0.36088275449809754,
    "best_method": "baseline",
    "improvement": 0.0
  }
}