{
  "5": {
    "baseline": 0.4168495908231223,
    "optimized": 0.4168495908231223,
    "improvement": 0.0,
    "time": 0.21738314628601074
  },
  "10": {
    "baseline": 0.37663004063425476,
    "optimized": 0.37663004063425476,
    "improvement": 0.0,
    "time": 0.4560847282409668
  },
  "15": {
    "baseline": 0.37438053538454535,
    "optimized": 0.37438053538454535,
    "improvement": 0.0,
    "time": 0.7328975200653076
  },
  "20": {
    "baseline": 0.37179486515769133,
    "optimized": 0.37179486515769133,
    "improvement": 0.0,
    "time": 1.01914381980896
  },
  "25": {
    "baseline": 0.3686395905654459,
    "optimized": 0.3686395905654459,
    "improvement": 0.0,
    "time": 1.3612163066864014
  },
  "30": {
    "baseline": 0.36088275449809754,
    "optimized": 0.36088275449809754,
    "improvement": 0.0,
    "time": 1.785593032836914
  },
  "40": {
    "baseline": 0.36214803161839265,
    "optimized": 0.36214803161839265,
    "improvement": 0.0,
    "time": 2.6398539543151855
  },
  "50": {
    "baseline": 0.36000440399941874,
    "optimized": 0.36000440399941874,
    "improvement": 0.0,
    "time": 3.880113363265991
  }
}