{
  "10": {
    "baseline": 0.37663004063425476,
    "optimized": 0.37663004063425476,
    "improvement": 0.0,
    "time": 0.007406473159790039
  },
  "15": {
    "baseline": 0.37438053538454535,
    "optimized": 0.37438053538454535,
    "improvement": 0.0,
    "time": 0.010807275772094727
  },
  "20": {
    "baseline": 0.37179486515769133,
    "optimized": 0.3717939268639304,
    "improvement": 9.382937609103692e-07,
    "time": 0.016605138778686523
  },
  "25": {
    "baseline": 0.3686395905654459,
    "optimized": 0.3686395905654459,
    "improvement": 0.0,
    "time": 0.025918960571289062
  },
  "30": {
    "baseline": 0.36088275449809754,
    "optimized": 0.36088275449809754,
    "improvement": 0.0,
    "time": 0.022278308868408203
  },
  "40": {
    "baseline": 0.36214803161839265,
    "optimized": 0.36214803161839265,
    "improvement": 0.0,
    "time": 0.034516334533691406
  },
  "50": {
    "baseline": 0.36000440399941874,
    "optimized": 0.36000440399941874,
    "improvement": 0.0,
    "time": 0.03657078742980957
  }
}