{
  "5": {
    "baseline": 0.4168495908231223,
    "optimized": 0.4168483251427819,
    "improvement": 1.2656803403676697e-06,
    "time": 0.05888104438781738
  },
  "10": {
    "baseline": 0.37663004063425476,
    "optimized": 0.37663002570256837,
    "improvement": 1.4931686387331666e-08,
    "time": 0.17915868759155273
  },
  "15": {
    "baseline": 0.37438053538454535,
    "optimized": 0.37438026826341403,
    "improvement": 2.671211313254318e-07,
    "time": 0.3892199993133545
  },
  "20": {
    "baseline": 0.37179486515769133,
    "optimized": 0.3717941176156544,
    "improvement": 7.475420369384977e-07,
    "time": 0.7410860061645508
  },
  "25": {
    "baseline": 0.3686395905654459,
    "optimized": 0.3686373947299173,
    "improvement": 2.1958355285733866e-06,
    "time": 1.9393174648284912
  },
  "30": {
    "baseline": 0.36088275449809754,
    "optimized": 0.3608827094591317,
    "improvement": 4.503896583463174e-08,
    "time": 2.579901695251465
  }
}