{
  "cv_score": 70.64732689763682,
  "side_lengths": {
    "1": 0.813172798364531,
    "2": 0.9495042736742612,
    "3": 1.1420312680063258,
    "4": 1.2908057151967516,
    "5": 1.443692472154508,
    "6": 1.5484384781396296,
    "7": 1.673103659026686,
    "8": 1.7559208448035366,
    "9": 1.8672801868536626,
    "10": 1.9406958562248169,
    "11": 2.03080302109709,
    "12": 2.1148730243838085,
    "13": 2.199959581662092,
    "14": 2.2745546309191083,
    "15": 2.3849617945753723,
    "16": 2.446640126286943,
    "17": 2.5081238211620325,
    "18": 2.5764087672556304,
    "19": 2.6464488108269677,
    "20": 2.7424691778731556,
    "21": 2.8116665639623983,
    "22": 2.8732696094946637,
    "23": 2.912260244046955,
    "24": 2.961778879248356,
    "25": 3.050181839342062,
    "26": 3.11832019460389,
    "27": 3.1294423793956536,
    "28": 3.2017098484029582,
    "29": 3.262726918046884,
    "30": 3.29036521956748,
    "31": 3.3882454918925253,
    "32": 3.41955435510097,
    "33": 3.491250342409292,
    "34": 3.5422039815472672,
    "35": 3.58328379758027,
    "36": 3.5940951450166887,
    "37": 3.697637193936651,
    "38": 3.7320016890476384,
    "39": 3.75478649894792,
    "40": 3.80603747547723,
    "41": 3.8834363791405764,
    "42": 3.92520339699686,
    "43": 3.988949666765526,
    "44": 4.014462484034935,
    "45": 4.043866619896485,
    "46": 4.094485735933404,
    "47": 4.099045021178785,
    "48": 4.131033242610388,
    "49": 4.219960123106799,
    "50": 4.247076253890848,
    "51": 4.317894607201955,
    "52": 4.334701909187291,
    "53": 4.379306678266294,
    "54": 4.403813069383431,
    "55": 4.418854094712454,
    "56": 4.441589105759242,
    "57": 4.488997569339505,
    "58": 4.591546041180004,
    "59": 4.6124205791146,
    "60": 4.629849274864223,
    "61": 4.674965613976914,
    "62": 4.682618808707673,
    "63": 4.716691147555651,
    "64": 4.73602753092289,
    "65": 4.862773998253643,
    "66": 4.866847900684367,
    "67": 4.869110514043027,
    "68": 4.903699217325012,
    "69": 4.945954102112898,
    "70": 4.946301671251547,
    "71": 5.000845869549245,
    "72": 5.009616375473673,
    "73": 5.077736159813181,
    "74": 5.108863171008704,
    "75": 5.144643941747058,
    "76": 5.166487245419588,
    "77": 5.199588238324452,
    "78": 5.2366867324898525,
    "79": 5.24752834218231,
    "80": 5.252660057490376,
    "81": 5.363996817119313,
    "82": 5.368325360475174,
    "83": 5.40793617203601,
    "84": 5.427794165077778,
    "85": 5.461682422957667,
    "86": 5.487035782437889,
    "87": 5.547173245560121,
    "88": 5.554873677512751,
    "89": 5.554981219592765,
    "90": 5.556988978839824,
    "91": 5.626712777855301,
    "92": 5.660785985262654,
    "93": 5.677118167543218,
    "94": 5.736474043414752,
    "95": 5.758800541350867,
    "96": 5.766637802891231,
    "97": 5.808643975882569,
    "98": 5.8478076551593485,
    "99": 5.848806313149843,
    "100": 5.878187418002037,
    "101": 5.935396671898885,
    "102": 5.950481915227696,
    "103": 5.953498309843974,
    "104": 5.9535053530717565,
    "105": 6.0001307249290186,
    "106": 6.015350055075148,
    "107": 6.085251429284229,
    "108": 6.09133867313856,
    "109": 6.092534899001141,
    "110": 6.093958333763906,
    "111": 6.178612058608284,
    "112": 6.229161126004573,
    "113": 6.274218414244235,
    "114": 6.276999295641959,
    "115": 6.2835689014970555,
    "116": 6.312487613540885,
    "117": 6.325242953474463,
    "118": 6.332543241762595,
    "119": 6.352176322950607,
    "120": 6.365690512226329,
    "121": 6.520014212124389,
    "122": 6.5361429395167505,
    "123": 6.538382216083344,
    "124": 6.558046788187096,
    "125": 6.572173493731763,
    "126": 6.5848689164991185,
    "127": 6.589603255021824,
    "128": 6.606408203739658,
    "129": 6.636162031467183,
    "130": 6.636507939134215,
    "131": 6.637379074921074,
    "132": 6.637881197808644,
    "133": 6.728011633997349,
    "134": 6.813756070433303,
    "135": 6.84775131454813,
    "136": 6.853103494577517,
    "137": 6.853103494577517,
    "138": 6.860166555174414,
    "139": 6.884469652806732,
    "140": 6.9002712866848155,
    "141": 6.959111713048563,
    "142": 6.9600780043299535,
    "143": 6.983507425934352,
    "144": 7.020524347797759,
    "145": 7.050648945409163,
    "146": 7.0810804390141815,
    "147": 7.087867057737764,
    "148": 7.09179842386437,
    "149": 7.09585356319011,
    "150": 7.110522653225107,
    "151": 7.167907200031804,
    "152": 7.172849374971234,
    "153": 7.172991795778387,
    "154": 7.173582404826823,
    "155": 7.1743047390806876,
    "156": 7.174813181860339,
    "157": 7.308352703077224,
    "158": 7.343104298953803,
    "159": 7.362015834989563,
    "160": 7.369125359622526,
    "161": 7.383727849254825,
    "162": 7.389012678787127,
    "163": 7.417195653606729,
    "164": 7.437857504480329,
    "165": 7.441025540434945,
    "166": 7.455196363493213,
    "167": 7.4554260194941175,
    "168": 7.473669899884747,
    "169": 7.608053251870732,
    "170": 7.619208151518572,
    "171": 7.641164569697603,
    "172": 7.652000099892055,
    "173": 7.663608405521144,
    "174": 7.680552249900824,
    "175": 7.698654233172647,
    "176": 7.715195223333547,
    "177": 7.715549482475726,
    "178": 7.715607985024832,
    "179": 7.715856985196194,
    "180": 7.7188129437022255,
    "181": 7.727870498174332,
    "182": 7.749693098927446,
    "183": 7.882069995255634,
    "184": 7.902634484464471,
    "185": 7.9141589637555505,
    "186": 7.9638252863315175,
    "187": 7.97645509287976,
    "188": 7.988881937236868,
    "189": 8.002326075860573,
    "190": 8.01648162778306,
    "191": 8.019996403068099,
    "192": 8.020901728147852,
    "193": 8.02090172814785,
    "194": 8.037527917469209,
    "195": 8.05320957460814,
    "196": 8.082057253269705,
    "197": 8.134396758495928,
    "198": 8.172409174371362,
    "199": 8.204608911557607,
    "200": 8.216440560230271
  },
  "score_1_20": 8.055426983515016,
  "score_21_200": 62.59189991412178
}