{
  "cv_score": 70.61510188576513,
  "baseline_score": 70.61510188576513,
  "improvement": 0.0,
  "n2_baseline_score": 0.4507791828628434,
  "n2_best_score": 0.4507791828628434,
  "n2_improvement": 0.0,
  "notes": "NFP-based placement search for N=2. Searched \u00b15\u00b0 angles and \u00b10.1 positions around baseline. Confirmed baseline N=2 is optimal."
}