{
  "cv_score": 70.67610239809186,
  "total_score": 70.67610239809186,
  "worst_n_values": [
    [
      1,
      0.6612499999999945
    ],
    [
      2,
      0.45077918286284324
    ],
    [
      3,
      0.43474513903471196
    ],
    [
      5,
      0.4168495908624338
    ],
    [
      4,
      0.4165448485961495
    ],
    [
      7,
      0.3998965505503062
    ],
    [
      6,
      0.3996102867638965
    ],
    [
      9,
      0.3874150329177231
    ],
    [
      8,
      0.3854072516519504
    ],
    [
      15,
      0.3792028507723369
    ]
  ]
}