{
  "cv_score": 70.34083744480486,
  "baseline_score": 70.34091744807057,
  "improvement": 8.000326570822835e-05,
  "n_improved": 22,
  "new_sources_used": 10,
  "final_overlaps": 0,
  "target": 68.879235,
  "gap": 1.4616024448048677
}