{
  "cv_score": 70.624381,
  "baseline_score": 70.624381,
  "improvement": 0.0,
  "n2_baseline": 0.45077918286284313,
  "n2_best": 0.45086203701168603,
  "n2_improvement": -8.285414884290354e-05,
  "n3_baseline": 0.43474513903471196,
  "n3_best": 0.6112425550958576,
  "n3_improvement": -0.1764974160611456,
  "approach": "MIP/CP solver for small N (exhaustive + scipy optimization)",
  "conclusion": "Baseline is already optimal or near-optimal for small N"
}