{"cv_score": 0.01061406667010888, "single_mse": 0.011729144268066594, "full_mse": 0.009498989072151168, "blend_threshold": 0.5, "blend_weight": 0.3}