{
  "cv_score": 70.6473268976368,
  "scores_by_n": {
    "1": 0.6612500000000022,
    "2": 0.45077918286284374,
    "3": 0.4347451390347126,
    "4": 0.41654484859614976,
    "5": 0.4168495908311189,
    "6": 0.3996102867638956,
    "7": 0.39989655054978357,
    "8": 0.3854072516519459,
    "9": 0.38741503291291646,
    "10": 0.37663004063681765,
    "11": 0.37492371913609707,
    "12": 0.37272399243885973,
    "13": 0.3722940123805267,
    "14": 0.3695427692168258,
    "15": 0.37920285077227883,
    "16": 0.37412799422233695,
    "17": 0.37004030013414335,
    "18": 0.36877122977731536,
    "19": 0.36861533201723534,
    "20": 0.3760568595792132,
    "21": 0.3764508984240058,
    "22": 0.37525810222025535,
    "23": 0.3687504230024537,
    "24": 0.36550558873173533,
    "25": 0.3721443701220849,
    "26": 0.3739969552336324,
    "27": 0.36271887429472344,
    "28": 0.3661052126200177,
    "29": 0.36708230833612804,
    "30": 0.36088344260464505,
    "31": 0.37032927462354903,
    "32": 0.36541724960906297,
    "33": 0.36935845313251514,
    "34": 0.36903556020262684,
    "35": 0.36685493640003664,
    "36": 0.35881999753979266,
    "37": 0.3695275896752356,
    "38": 0.3665220159751166,
    "39": 0.36149799109439934,
    "40": 0.3621480316184273,
    "41": 0.3678311734349383,
    "42": 0.3668386120903736,
    "43": 0.370039987069507,
    "44": 0.36627065990281676,
    "45": 0.36339682754473396,
    "46": 0.3644524661252632,
    "47": 0.357492980545757,
    "48": 0.3555299094073352,
    "49": 0.36342986613492956,
    "50": 0.3607531341272702,
    "51": 0.3655728203706612,
    "52": 0.3613392431059991,
    "53": 0.3618552260812786,
    "54": 0.359140176853191,
    "55": 0.3550231183701277,
    "56": 0.35228060329284266,
    "57": 0.3535280557462453,
    "58": 0.3634878456599271,
    "59": 0.36058345082440457,
    "60": 0.35725840513267954,
    "61": 0.3582836638010909,
    "62": 0.353659982381659,
    "63": 0.35312976795920403,
    "64": 0.35046807458843066,
    "65": 0.3637933993552573,
    "66": 0.35888194679387636,
    "67": 0.35385428653678147,
    "68": 0.3536215590293224,
    "69": 0.3545284344957595,
    "70": 0.34951286032894063,
    "71": 0.3522318226899681,
    "72": 0.34855911429741626,
    "73": 0.3531973220366343,
    "74": 0.3527092283795825,
    "75": 0.35289815049806267,
    "76": 0.351218295487938,
    "77": 0.351113218806779,
    "78": 0.35157548633634933,
    "79": 0.34856397091147623,
    "80": 0.344880470994435,
    "81": 0.35521557844526075,
    "82": 0.3514502094624501,
    "83": 0.35235871856404205,
    "84": 0.3507255892672901,
    "85": 0.35094088104993804,
    "86": 0.35008792648550907,
    "87": 0.3536911611064139,
    "88": 0.35064342696731854,
    "89": 0.34671703764076767,
    "90": 0.34311251678830307,
    "91": 0.3479109525767047,
    "92": 0.3483097605537618,
    "93": 0.34655559879837927,
    "94": 0.3500758984124595,
    "95": 0.34909245973750574,
    "96": 0.3463969953097313,
    "97": 0.3478386065830605,
    "98": 0.34894749358918653,
    "99": 0.34554076049233784,
    "100": 0.34553087321157455,
    "101": 0.34880132329493435,
    "102": 0.34713955905344973,
    "103": 0.3441178847117967,
    "104": 0.34080986527936596,
    "105": 0.342872083011783,
    "106": 0.3413626064631375,
    "107": 0.34607742951033404,
    "108": 0.3435593225080876,
    "109": 0.34054111463804443,
    "110": 0.33760298339682326,
    "111": 0.3439211438808982,
    "112": 0.34645043155113003,
    "113": 0.3483700593773579,
    "114": 0.34562035225868115,
    "115": 0.34333250556400796,
    "116": 0.3435129299233371,
    "117": 0.34195468735451584,
    "118": 0.33983986363383994,
    "119": 0.33907684065423777,
    "120": 0.33768346414540257,
    "121": 0.351327151457058,
    "122": 0.3501734797196284,
    "123": 0.3475645691349182,
    "124": 0.3468385296455732,
    "125": 0.345547715453683,
    "126": 0.3441309416466371,
    "127": 0.34191237054011203,
    "128": 0.340973666831552,
    "129": 0.3413848566502841,
    "130": 0.3387941355860882,
    "131": 0.33629619071908506,
    "132": 0.3337989908804661,
    "133": 0.34034692140754647,
    "134": 0.3464721775176619,
    "135": 0.347345911599227,
    "136": 0.34533108461316603,
    "137": 0.342810419761975,
    "138": 0.3410281533676347,
    "139": 0.3409778589958047,
    "140": 0.3400981702131924,
    "141": 0.3434697576928349,
    "142": 0.3411456748335044,
    "143": 0.3410445871893723,
    "144": 0.34227612581959127,
    "145": 0.34283896931999547,
    "146": 0.3434363026286937,
    "147": 0.3417541457698244,
    "148": 0.33982165462652136,
    "149": 0.33792709926334075,
    "150": 0.33706354934684946,
    "151": 0.3402575736971376,
    "152": 0.3384853168159555,
    "153": 0.336286348381072,
    "154": 0.33415769168078563,
    "155": 0.33206869993029425,
    "156": 0.3299868217602364,
    "157": 0.3402039441565361,
    "158": 0.3412732958564167,
    "159": 0.34087595694740297,
    "160": 0.33940005353644886,
    "161": 0.33863004317926265,
    "162": 0.3370216565881291,
    "163": 0.3375140574471322,
    "164": 0.3373275869326485,
    "165": 0.3355688551115463,
    "166": 0.3348189928809785,
    "167": 0.332834593605688,
    "168": 0.3324746534074005,
    "169": 0.3424998478301823,
    "170": 0.3414843109186298,
    "171": 0.341446760123988,
    "172": 0.3404250321438838,
    "173": 0.33948493522066076,
    "174": 0.3390280624336587,
    "175": 0.3386815828682692,
    "176": 0.33820589394402717,
    "177": 0.3363260102628895,
    "178": 0.33444160999201655,
    "179": 0.3325946872402284,
    "180": 0.3310004069992501,
    "181": 0.3299446543455979,
    "182": 0.3299875996019983,
    "183": 0.33949195306070573,
    "184": 0.3394110423643861,
    "185": 0.338561687046445,
    "186": 0.3409812537162004,
    "187": 0.34023441630335544,
    "188": 0.3394799713144121,
    "189": 0.3388212837269741,
    "190": 0.3382314615188597,
    "191": 0.3367557188755248,
    "192": 0.33507741944065206,
    "193": 0.33334126700831707,
    "194": 0.33299925270153036,
    "195": 0.33258556129518063,
    "196": 0.3332635175771909,
    "197": 0.3358802569778125,
    "198": 0.3373145036027739,
    "199": 0.3382693838774397,
    "200": 0.33754947739898566
  }
}