{
  "cv_score": 70.61574363614818,
  "baseline_score": 70.647327,
  "improvement": 0.03158336385182281,
  "target": 68.888293,
  "gap": 1.727450636148177,
  "num_snapshots_used": 3,
  "total_snapshots_scanned": 88
}