{
  "cv_score": 70.67610239461072,
  "baseline_score": 70.67610239809186,
  "improvement": 3.4811336036000284e-09,
  "improved_n_values": 1
}