{
  "cv_score": 70.67610239809181,
  "n_trees_total": 20100,
  "score_breakdown": {
    "n_1_10": 4.329127923877095,
    "n_11_50": 14.713044874880461,
    "n_51_100": 17.64114817763369,
    "n_101_150": 17.14411787625209,
    "n_151_200": 16.84866354544849
  }
}