{
  "cv_score": 70.73432701303173,
  "target": 68.931058,
  "gap": 1.8032690130317377,
  "overlaps": 0,
  "source": "kaggle_dataset_santa-2025.csv"
}