{
  "cv_score": 70.64732689763682,
  "baseline_score": 70.64732689763682,
  "zaburo_initial_score": 91.65037330494518,
  "optimized_score": 88.32678656453832,
  "improvement": 0.0
}