{"cv_score": 0.009244117846790365, "single_mse": 0.010298560691236655, "full_mse": 0.008189675002344075}