{
  "cv_score": 70.31664842495195,
  "target": 68.877877,
  "gap": 1.4387714249519519,
  "source_counts": {
    "submission.csv": 152,
    "submission2.csv": 4,
    "submission_ensemble.csv": 44
  }
}