{
  "cv_score": 70.63047845375752,
  "baseline_score": 70.63047845375752,
  "cascade_score": 80.97930113253042,
  "improvements_found": 0,
  "approach": "tree_deletion_cascade"
}