{
  "cv_score": 70.63047845375752,
  "baseline_score": 70.63047845375752,
  "improvements_found": 0,
  "approach": "jiweiliu_two_tree_translation"
}