{
  "cv_score": 70.63036981424865,
  "best_score": 70.63045459591936,
  "improvements": 1,
  "improvement_details": [
    [
      63,
      8.478167070546938e-05
    ]
  ]
}