{
  "cv_score": 70.35351593463795,
  "exp010_score": 70.36509130461903,
  "improvement_over_exp010": 0.01157536998107389,
  "num_improvements": 7,
  "min_improvement_threshold": 0.001,
  "rejected_small": 16780,
  "rejected_overlap": 2410,
  "notes": "Mega-ensemble from external data sources with MIN_IMPROVEMENT=0.001"
}