{
  "single_cv": 0.009992577112735233,
  "full_cv": 0.009883215949769002,
  "combined_cv": 0.009937896531252117,
  "model": "EnsembleModel (MLP + XGBoost + RF + LightGBM)",
  "features": "spange_descriptors",
  "weights": [
    0.25,
    0.25,
    0.25,
    0.25
  ]
}