{
  "cv_score": 70.61510188576513,
  "baseline_score": 70.61510188576513,
  "improvement": 0.0,
  "n_starts": 10,
  "sa_iterations": 5000,
  "test_n_values": [
    10,
    20,
    30,
    50
  ],
  "results": {
    "10": {
      "multistart": 0.6519676431651069,
      "baseline": 0.37663004063661737,
      "diff": -0.27533760252848954
    },
    "20": {
      "multistart": Infinity,
      "baseline": 0.3760568595792048,
      "diff": -Infinity
    },
    "30": {
      "multistart": Infinity,
      "baseline": 0.3608834426045261,
      "diff": -Infinity
    },
    "50": {
      "multistart": Infinity,
      "baseline": 0.36075313409663706,
      "diff": -Infinity
    }
  },
  "notes": "Multi-start random initialization with SA optimization. Tested on N=10,20,30,50."
}