{
  "cv_score": 70.627896,
  "snapshot_id": "21191207951",
  "previous_best": 70.630429,
  "improvement": 0.002533,
  "target": 68.919154,
  "gap_to_target": 1.708742,
  "notes": "Found better valid snapshot 21191207951 with score 70.627896. This is 0.0025 better than previous best (70.630429). Gap to target remains 1.71 (2.42%)."
}
