{
  "cv_score": 70.62756944140376,
  "overlaps": 0,
  "baseline_score": 70.647327,
  "improvement": 0.019757558596239733,
  "target": 68.894234,
  "gap_to_target": 1.7333354414037672,
  "notes": "Better baseline found at 70.627569. SA and DE optimization could not improve further - at local optimum."
}