{
  "cv_score": 70.64732679992514,
  "original_score": 70.64732689763679,
  "improvement": 9.771164285834664e-08,
  "improved_configs": 2,
  "overlap_configs": 0,
  "target": 68.888293,
  "gap": 1.7590337999251346
}