{
  "cv_score": 70.627582,
  "total_improvement": 0.0,
  "results": {
    "10": {
      "baseline": 0.3766300406366173,
      "best": 0.3766300406366173,
      "improvement": 0.0,
      "n_improvements": 0
    },
    "15": {
      "baseline": 0.3769780365256162,
      "best": 0.3769780365256162,
      "improvement": 0.0,
      "n_improvements": 0
    },
    "20": {
      "baseline": 0.3760568595792048,
      "best": 0.3760568595792048,
      "improvement": 0.0,
      "n_improvements": 0
    },
    "25": {
      "baseline": 0.37214437011922635,
      "best": 0.37214437011922635,
      "improvement": 0.0,
      "n_improvements": 0
    },
    "30": {
      "baseline": 0.3608834426045261,
      "best": 0.3608834426045261,
      "improvement": 0.0,
      "n_improvements": 0
    },
    "35": {
      "baseline": 0.3666377015902835,
      "best": 0.3666377015902835,
      "improvement": 0.0,
      "n_improvements": 0
    },
    "40": {
      "baseline": 0.36214803161842385,
      "best": 0.36214803161842385,
      "improvement": 0.0,
      "n_improvements": 0
    },
    "45": {
      "baseline": 0.3633968265868543,
      "best": 0.3633968265868543,
      "improvement": 0.0,
      "n_improvements": 0
    },
    "50": {
      "baseline": 0.36075313409663706,
      "best": 0.36075313409663706,
      "improvement": 0.0,
      "n_improvements": 0
    },
    "60": {
      "baseline": 0.3572584051260953,
      "best": 0.3572584051260953,
      "improvement": 0.0,
      "n_improvements": 0
    },
    "70": {
      "baseline": 0.3495128602329814,
      "best": 0.3495128602329814,
      "improvement": 0.0,
      "n_improvements": 0
    },
    "80": {
      "baseline": 0.344880470500085,
      "best": 0.344880470500085,
      "improvement": 0.0,
      "n_improvements": 0
    },
    "90": {
      "baseline": 0.3431125165161712,
      "best": 0.3431125165161712,
      "improvement": 0.0,
      "n_improvements": 0
    },
    "100": {
      "baseline": 0.343427426569443,
      "best": 0.343427426569443,
      "improvement": 0.0,
      "n_improvements": 0
    }
  }
}