{
  "ensemble_score": 70.67610239809186,
  "best_single_score": 70.67610239809186,
  "improvement": 0.0,
  "num_sources": 20,
  "source_contributions": {
    "santa-2025.csv": 200
  }
}