{"cv_score": 0.015006207841481371, "single_mse": 0.015645292122583906, "full_mse": 0.014367123560378838}