{"cv_score": 70.63045459591936, "best_score": 70.63047845375752, "improvements": 2, "improvement_details": [[63, 1.0412048601915469e-05], [88, 1.34457895640816e-05]]}