{"cv_score": 1113.5606756427737, "best_score": 1113.5608516839682, "improvements": 2, "improvement_details": [[63, 6.95364480272076e-05], [88, 0.00010650474644080532]]}