{
  "cv_score": 0.01023154977268065,
  "mse_single": 0.009407204530974628,
  "mse_full": 0.010672275509077674,
  "similarity_threshold": 0.3,
  "blend_weight": 0.2,
  "baseline_cv": 0.009486732080987614,
  "all_results": [
    {
      "similarity_threshold": 0.3,
      "blend_weight": 0.2,
      "cv": 0.01023154977268065,
      "single_mse": 0.009407204530974628,
      "full_mse": 0.010672275509077674,
      "expected_lb": 0.096649137269117
    },
    {
      "similarity_threshold": 0.5,
      "blend_weight": 0.4,
      "cv": 0.015457561709330938,
      "single_mse": 0.014514748498165643,
      "full_mse": 0.015961624844232677,
      "expected_lb": 0.119199378775763
    },
    {
      "similarity_threshold": 0.6,
      "blend_weight": 0.5,
      "cv": 0.018782502326796725,
      "single_mse": 0.017849013088337477,
      "full_mse": 0.019281580517855623,
      "expected_lb": 0.13354649754012787
    }
  ],
  "notes": "SimilarityAwareModel with FIXED featurization (weighted average) and AGGRESSIVE blending."
}