{
    "primitive_trees": [
        [
            -4.152521633301909,
            -4.499512212296373,
            80.63141479296317
        ],
        [
            -4.986976566393059,
            -4.7221096549832495,
            260.6376283251439
        ]
    ],
    "a": 1.0005579217059677,
    "b": 0.630632959886398,
    "nt": [
        8,
        12
    ],
    "append_x": false,
    "append_y": true
}