{
  "cv_score": 70.61579142498614,
  "baseline_score": 70.67610239809187,
  "improvement_over_baseline": 0.06031097310572875,
  "problematic_ns_fixed": [
    40,
    126,
    151
  ],
  "is_valid": false
}