{
  "cv_score": 70.61606849811248,
  "better_solution_score": 70.52331967787894,
  "validated_solution_score": 70.62243491373589,
  "improvement": 0.006366415623404009,
  "n_values_with_overlaps": 69,
  "n_values_improved": 117,
  "overlap_ns": [
    2,
    3,
    4,
    5,
    16,
    18,
    19,
    29,
    40,
    42,
    46,
    47,
    48,
    53,
    54,
    55,
    56,
    59,
    62,
    66
  ]
}