{
  "cv_score": 71.00378488905778,
  "baseline_score": 70.61579142498614,
  "score_change": 0.38799346407164137,
  "overlap_ns_fixed": [
    25,
    33,
    40
  ],
  "final_overlaps": [],
  "target": 68.888293,
  "gap": 2.115491889057779
}