{
  "cv_score": 70.622435,
  "source": "snapshot_21329068588",
  "overlaps": 0,
  "target": 68.888293,
  "gap": 1.7341419999999914,
  "notes": "Used valid submission from snapshot 21329068588 instead of fixing overlaps in baseline"
}