{
  "cv_score": 70.61510142302751,
  "baseline_score": 70.61510188576513,
  "improvement": 4.627376171129072e-07,
  "num_improvements": 1,
  "notes": "Backward propagation from N=200 to N=2, removing trees to improve smaller N configurations"
}