{"cv_score": 0.011290600483960089, "single_mse": 0.012039158686205522, "full_mse": 0.010542042281714657}