{
  "cv_score": 70.3164916401951,
  "previous_best": 70.316491649927,
  "improvement": 9.731905947774067e-09,
  "method": "extended_bbox3",
  "runtime_seconds": 218.7
}