{
  "cv_score": 70.61579142498614,
  "best_snapshot": "21331543270",
  "per_n_scores": {
    "1": 0.6612499999999945,
    "2": 0.45077918286284324,
    "3": 0.43474513903471196,
    "4": 0.4165448485961495,
    "5": 0.41684959082333695,
    "6": 0.3996102867638965,
    "7": 0.399896550521489,
    "8": 0.3854072516519504,
    "9": 0.3874150329008724,
    "10": 0.3766300406370859,
    "11": 0.37492371910118827,
    "12": 0.37272399243864646,
    "13": 0.37229401236401893,
    "14": 0.3695427692132532,
    "15": 0.37694864468354117,
    "16": 0.37412799422234183,
    "17": 0.37004030013414324,
    "18": 0.36877122977731536,
    "19": 0.3686153320173895,
    "20": 0.37605685957923224,
    "21": 0.3764508984230119,
    "22": 0.3752581015242406,
    "23": 0.368750422980784,
    "24": 0.3655055886789786,
    "25": 0.37214437011922635,
    "26": 0.3739969552336439,
    "27": 0.36271887429472865,
    "28": 0.3661052126201177,
    "29": 0.3671139604807809,
    "30": 0.3608834426049407,
    "31": 0.3703292746236271,
    "32": 0.36541724934284153,
    "33": 0.3693584531316266,
    "34": 0.36903552252563054,
    "35": 0.3660565378252997,
    "36": 0.3580490615810743,
    "37": 0.369527561525475,
    "38": 0.36613435532457056,
    "39": 0.3614979909517751,
    "40": 0.36214803161842773,
    "41": 0.3678311731399877,
    "42": 0.36683865970587914,
    "43": 0.36706500531550157,
    "44": 0.3662706598764683,
    "45": 0.36339682657570693,
    "46": 0.3644524661253114,
    "47": 0.3574929803430305,
    "48": 0.35552990941408574,
    "49": 0.3634298658931239,
    "50": 0.3607531340966368,
    "51": 0.3655728200573894,
    "52": 0.3606282312683584,
    "53": 0.3618552260815256,
    "54": 0.356260377223052,
    "55": 0.3550231179503228,
    "56": 0.35228060306173853,
    "57": 0.3535090420174057,
    "58": 0.3634842944630928,
    "59": 0.36057591684175877,
    "60": 0.35725840513580437,
    "61": 0.35826141622054886,
    "62": 0.3536599813711944,
    "63": 0.3527938612322265,
    "64": 0.34868495584880466,
    "65": 0.3616111389066455,
    "66": 0.35888194679389196,
    "67": 0.3538542862887173,
    "68": 0.35362155900821124,
    "69": 0.35452843449542226,
    "70": 0.3495128604209942,
    "71": 0.3522318221484233,
    "72": 0.3485591138040719,
    "73": 0.35316234539920477,
    "74": 0.3527092268699681,
    "75": 0.3528981500829302,
    "76": 0.34959500995528775,
    "77": 0.3511132183590853,
    "78": 0.3514012154162476,
    "79": 0.348563984132807,
    "80": 0.34488047019802537,
    "81": 0.3551341753732687,
    "82": 0.3514502085812342,
    "83": 0.35235831035286075,
    "84": 0.35072558926697106,
    "85": 0.35074725573671767,
    "86": 0.3500867166902728,
    "87": 0.3499595309315015,
    "88": 0.34750056710485683,
    "89": 0.34671703750088884,
    "90": 0.3431125164658885,
    "91": 0.34692358577888904,
    "92": 0.3483065113854498,
    "93": 0.34651725419658624,
    "94": 0.3499561133239644,
    "95": 0.3477342415051209,
    "96": 0.3463969940824321,
    "97": 0.3478214855067417,
    "98": 0.3489024461845089,
    "99": 0.3455407604926309,
    "100": 0.3433948158849659,
    "101": 0.3486558587683356,
    "102": 0.3471395590534502,
    "103": 0.34411788471504007,
    "104": 0.3408098652066792,
    "105": 0.34287198264620505,
    "106": 0.34136260641600547,
    "107": 0.34607742904527256,
    "108": 0.34355808525774667,
    "109": 0.3405411144728793,
    "110": 0.3376029833321282,
    "111": 0.34391918624788004,
    "112": 0.3464504288610385,
    "113": 0.3483700573589719,
    "114": 0.34562035047291323,
    "115": 0.3432176922067498,
    "116": 0.3435128852616825,
    "117": 0.34195468453807465,
    "118": 0.3398398586325408,
    "119": 0.3390768391488021,
    "120": 0.33768346215174055,
    "121": 0.3513237088624816,
    "122": 0.35017347895819595,
    "123": 0.34754424021360675,
    "124": 0.3468385283193988,
    "125": 0.3455477075976382,
    "126": 0.3441310964134798,
    "127": 0.3419123705401196,
    "128": 0.3407510751567181,
    "129": 0.34137262510533917,
    "130": 0.338764823448503,
    "131": 0.33624473836258795,
    "132": 0.3337989247275516,
    "133": 0.3403467218410786,
    "134": 0.3464721143650741,
    "135": 0.34734587893300184,
    "136": 0.34415929179962695,
    "137": 0.34280970388424326,
    "138": 0.3410385925360942,
    "139": 0.34097777372839977,
    "140": 0.340098168469419,
    "141": 0.34346963960141363,
    "142": 0.3411456083011318,
    "143": 0.3409457640866291,
    "144": 0.34227611943317787,
    "145": 0.3428389238448866,
    "146": 0.34343627884678807,
    "147": 0.34175404556557154,
    "148": 0.3398214633635277,
    "149": 0.33792414529575854,
    "150": 0.33706354697813745,
    "151": 0.3402607405262235,
    "152": 0.33848531666474246,
    "153": 0.3362862253186006,
    "154": 0.3341576916807871,
    "155": 0.33206869918733256,
    "156": 0.3299858000155556,
    "157": 0.3402013565144883,
    "158": 0.34127328614320324,
    "159": 0.34086457773731316,
    "160": 0.3393965505562514,
    "161": 0.3386318218028146,
    "162": 0.3370215527229073,
    "163": 0.33743262931355683,
    "164": 0.3373276985846247,
    "165": 0.33556885511101064,
    "166": 0.3348192011138198,
    "167": 0.33283459193233983,
    "168": 0.3324746511768502,
    "169": 0.3422314217566752,
    "170": 0.34148430908353855,
    "171": 0.34144675670055,
    "172": 0.34042387267090923,
    "173": 0.33922021386052725,
    "174": 0.33902803863034536,
    "175": 0.33868157977758606,
    "176": 0.3382058842098685,
    "177": 0.33632552419042666,
    "178": 0.3344416090744584,
    "179": 0.33259053350560086,
    "180": 0.3310003097254762,
    "181": 0.3299446141292826,
    "182": 0.3299875963824067,
    "183": 0.3394908515545947,
    "184": 0.33926028782015144,
    "185": 0.338561683652557,
    "186": 0.3409810311180929,
    "187": 0.34023435096500837,
    "188": 0.3394799654936246,
    "189": 0.33882128180895227,
    "190": 0.3382314598226625,
    "191": 0.3367555424993179,
    "192": 0.33507535349675716,
    "193": 0.3333394661888968,
    "194": 0.3329987944568688,
    "195": 0.3325759325102732,
    "196": 0.33326140499319745,
    "197": 0.33580339638620665,
    "198": 0.3373144928769583,
    "199": 0.3382693804304794,
    "200": 0.3375488561188903
  }
}