{
  "cv_score": 70.62243491373589,
  "baseline_score": 70.62243491373589,
  "constructive_score": 110.18444003918749,
  "improvement": 0.0,
  "n_constructive_better": 0,
  "n_baseline_better": 26,
  "overlap_errors": 0,
  "target": 68.888293,
  "gap": 1.7341419137358827
}