{
  "cv_score": 0.028163979469628262,
  "single_cv": 0.030826927947999294,
  "full_cv": 0.02550103099125723,
  "model": "ChemBERTaEnsembleModel (GP+MLP+LGBM with ChemBERTa embeddings)",
  "baseline_cv": 0.0081,
  "improvement": "-247.70%"
}