{
  "cv_score": 70.64732689763682,
  "baseline_score": 70.64732689763682,
  "ensemble_score": 70.64732689763682,
  "improvement": 0.0,
  "optimized_wins": 0,
  "baseline_wins": 200,
  "overlap_repairs": 183,
  "score_repairs": 17,
  "validation_passed": true
}