{
  "cv_score": 70.61578585344917,
  "original_ensemble_score": 70.61574363614818,
  "baseline_score": 70.67610239809186,
  "overlapping_ns_fixed": [
    2,
    29,
    103,
    138
  ],
  "is_valid": true
}