{
  "cv_score": 70.61574477021072,
  "target_score": 68.89138,
  "gap": 1.7243647702107268,
  "gap_percent": 2.503019637886085,
  "baseline_score": 70.676102,
  "improvement": 0.06035722978927538,
  "n_improved": 162,
  "n_total": 200,
  "approach": "strict_ensemble",
  "notes": "Ensemble picks best valid config per N from 30+ CSV sources. Validated with Shapely - no overlaps."
}
