{
  "cv_score": 70.615745,
  "target_score": 68.89138,
  "gap": 1.724365,
  "gap_percent": 2.50,
  "baseline_score": 70.676102,
  "improvement": 0.060357
}
