{
  "cv_lb_slope": 4.31470070422535,
  "cv_lb_intercept": 0.05252024647887326,
  "cv_lb_r_squared": 0.9505266695174243,
  "best_cv": 0.0081,
  "best_lb": 0.0877,
  "target_lb": 0.0347,
  "gap_percent": 152.73775216138327,
  "required_cv_for_target": -0.004130123431602577,
  "intercept_gt_target": true
}