{
  "cv_score": 70.31670780940588,
  "baseline_score": 70.3295137792292,
  "improvement": 0.01280596982331872,
  "n_improved": 68,
  "new_sources": 7,
  "final_overlaps": 0,
  "target": 68.876781,
  "gap": 1.4399268094058897
}