{
  "n2": {
    "score": 0.45077520395293663,
    "time": 24.748476028442383,
    "baseline": 0.450779,
    "improvement": 3.7960470633535692e-06
  },
  "n3": {
    "score": 0.43474540528603406,
    "time": 32.329737424850464,
    "baseline": 0.43474540528603406,
    "improvement": 0.0
  },
  "n4": {
    "score": 0.4165448485961492,
    "time": 63.29457473754883,
    "baseline": 0.4165448485961492,
    "improvement": 0.0
  }
}