{
  "cv_score": 70.31565290661716,
  "baseline_score": 70.31565290661716,
  "improvement": 0.0,
  "num_improvements": 0,
  "repair_attempts": 2542,
  "repair_successes": 0,
  "files_processed": 5106
}