{
    "cv_score": 114.587809,
    "initial_score": 149.294025,
    "after_tree_packer_run8": 115.075006,
    "after_fix_direction_1": 115.061244,
    "after_tree_packer_run9": 114.601788,
    "after_fix_direction_2": 114.587809,
    "target_score": 68.931058,
    "gap_to_target": 45.656751
}
