{
  "cv_score": 70.48582514472793,
  "baseline_score": 70.61510188576511,
  "improvement": 0.129276741037188,
  "invalid_count": 0,
  "notes": "Per-N ensemble from 3335 snapshot CSV files. Found 83 improvements."
}