{
  "cv_score": 70.64732689763682,
  "baseline_score": 70.64732689763682,
  "zaburo_score": 88.32999769778576,
  "improvement": 0.0,
  "zaburo_wins": 0,
  "baseline_wins": 200,
  "overlap_n": []
}