{
  "cv_score": 0.011987933622533625,
  "mse_single": 0.008723904826158398,
  "mse_full": 0.013733005252869523,
  "notes": "Ens-model kernel approach (CatBoost + XGBoost ensemble) with CORRECT submission format."
}