{"cv_score": 70.67610239809186, "baseline": 70.67610239809186, "improvement": 0.0}