{"cv_score": 0.011841, "single_mse": 0.015480, "full_mse": 0.010885}
