{
  "cv_score": 70.52331967787894,
  "best_file": "/home/nonroot/snapshots/santa-2025/21328309254/code/experiments/003_valid_ensemble/submission.csv",
  "per_n_scores": {
    "1": {
      "side": 0.8131727983645263,
      "score": 0.6612499999999945
    },
    "2": {
      "side": 0.935230002542506,
      "score": 0.43732757882782786
    },
    "3": {
      "side": 1.1420312680063254,
      "score": 0.43474513903471174
    },
    "4": {
      "side": 1.2822728462024762,
      "score": 0.4110559130270498
    },
    "5": {
      "side": 1.4037613548033978,
      "score": 0.39410918824789415
    },
    "6": {
      "side": 1.5484384781396272,
      "score": 0.39961028676389415
    },
    "7": {
      "side": 1.673103658967496,
      "score": 0.399896550521489
    },
    "8": {
      "side": 1.7559208448035342,
      "score": 0.3854072516519446
    },
    "9": {
      "side": 1.8672801868246376,
      "score": 0.3874150329008726
    },
    "10": {
      "side": 1.9406958562243006,
      "score": 0.3766300406366171
    },
    "11": {
      "side": 2.030803021002547,
      "score": 0.37492371910118827
    },
    "12": {
      "side": 2.1148730243832032,
      "score": 0.37272399243864646
    },
    "13": {
      "side": 2.1999595816133186,
      "score": 0.37229401236401904
    },
    "14": {
      "side": 2.2745546309081135,
      "score": 0.3695427692132532
    },
    "15": {
      "side": 2.3778624161740565,
      "score": 0.37694864468354145
    },
    "16": {
      "side": 2.445875996294384,
      "score": 0.37389433682806533
    },
    "17": {
      "side": 2.508123821162032,
      "score": 0.37004030013414313
    },
    "18": {
      "side": 2.5764087672556304,
      "score": 0.36877122977731536
    },
    "19": {
      "side": 2.646448810826695,
      "score": 0.3686153320171594
    },
    "20": {
      "side": 2.742469177873125,
      "score": 0.3760568595792047
    },
    "21": {
      "side": 2.811666563958687,
      "score": 0.3764508984230119
    },
    "22": {
      "side": 2.873269606830048,
      "score": 0.3752581015242409
    },
    "23": {
      "side": 2.912260243961386,
      "score": 0.368750422980784
    },
    "24": {
      "side": 2.961778879034606,
      "score": 0.3655055886789786
    },
    "25": {
      "side": 3.050181839330347,
      "score": 0.37214437011922635
    },
    "26": {
      "side": 3.118320194603883,
      "score": 0.37399695523363075
    },
    "27": {
      "side": 3.1294423793956505,
      "score": 0.3627188742947226
    },
    "28": {
      "side": 3.2017098484025226,
      "score": 0.36610521261991796
    },
    "29": {
      "side": 3.26272691803826,
      "score": 0.36708230833418765
    },
    "30": {
      "side": 3.290365219566938,
      "score": 0.3608834426045261
    },
    "31": {
      "side": 3.388245491892102,
      "score": 0.37032927462345655
    },
    "32": {
      "side": 3.4195543538553284,
      "score": 0.36541724934284164
    },
    "33": {
      "side": 3.4912503424050927,
      "score": 0.3693584531316266
    },
    "34": {
      "side": 3.5422038007251135,
      "score": 0.36903552252563054
    },
    "35": {
      "side": 3.5793824640411778,
      "score": 0.3660565378252998
    },
    "36": {
      "side": 3.590232056137973,
      "score": 0.3580490615811305
    },
    "37": {
      "side": 3.6976370530979072,
      "score": 0.369527561525475
    },
    "38": {
      "side": 3.730027547127995,
      "score": 0.3661343553245707
    },
    "39": {
      "side": 3.7547864982072188,
      "score": 0.3614979909517751
    },
    "40": {
      "side": 3.805927124764497,
      "score": 0.3621270319754538
    },
    "41": {
      "side": 3.8834363775835823,
      "score": 0.3678311731399877
    },
    "42": {
      "side": 3.9252033968060305,
      "score": 0.36683861205470475
    },
    "43": {
      "side": 3.9728824836089185,
      "score": 0.36706500531550157
    },
    "44": {
      "side": 4.01446248389054,
      "score": 0.3662706598764683
    },
    "45": {
      "side": 4.043866614504837,
      "score": 0.36339682657570693
    },
    "46": {
      "side": 4.092693371510039,
      "score": 0.36413345724352636
    },
    "47": {
      "side": 4.092879570488154,
      "score": 0.3564183655004106
    },
    "48": {
      "side": 4.129235709454935,
      "score": 0.3552205738382876
    },
    "49": {
      "side": 4.219960121702938,
      "score": 0.3634298658931239
    },
    "50": {
      "side": 4.247076253710526,
      "score": 0.3607531340966368
    },
    "51": {
      "side": 4.317894605351879,
      "score": 0.3655728200573894
    },
    "52": {
      "side": 4.33043508506416,
      "score": 0.3606282312683584
    },
    "53": {
      "side": 4.360698349874216,
      "score": 0.3587866056338813
    },
    "54": {
      "side": 4.360865795889578,
      "score": 0.3521694535140674
    },
    "55": {
      "side": 4.36731251736877,
      "score": 0.3467894295339263
    },
    "56": {
      "side": 4.369597970284491,
      "score": 0.3409533289627561
    },
    "57": {
      "side": 4.4888768522863405,
      "score": 0.3535090420174057
    },
    "58": {
      "side": 4.59152361192441,
      "score": 0.3634842944630928
    },
    "59": {
      "side": 4.610219237083854,
      "score": 0.36023934599962765
    },
    "60": {
      "side": 4.629849274821559,
      "score": 0.3572584051260953
    },
    "61": {
      "side": 4.674820466012944,
      "score": 0.35826141622054886
    },
    "62": {
      "side": 4.681954929802487,
      "score": 0.3535597091080937
    },
    "63": {
      "side": 4.714447290789268,
      "score": 0.3527938612322265
    },
    "64": {
      "side": 4.7239641377050585,
      "score": 0.34868495584880466
    },
    "65": {
      "side": 4.848167079312756,
      "score": 0.36161113890664576
    },
    "66": {
      "side": 4.866847900684136,
      "score": 0.35888194679384217
    },
    "67": {
      "side": 4.86911051233632,
      "score": 0.3538542862887173
    },
    "68": {
      "side": 4.9036992171786355,
      "score": 0.35362155900821124
    },
    "69": {
      "side": 4.940213381888922,
      "score": 0.35370591679122293
    },
    "70": {
      "side": 4.945185917666921,
      "score": 0.34935519657558894
    },
    "71": {
      "side": 4.97305353146402,
      "score": 0.34832762572967263
    },
    "72": {
      "side": 5.009616371928411,
      "score": 0.3485591138040719
    },
    "73": {
      "side": 5.077484733028938,
      "score": 0.35316234539920477
    },
    "74": {
      "side": 5.108863160075599,
      "score": 0.3527092268699681
    },
    "75": {
      "side": 5.144643938721101,
      "score": 0.3528981500829302
    },
    "76": {
      "side": 5.154533999946248,
      "score": 0.34959500995528775
    },
    "77": {
      "side": 5.1929000471229205,
      "score": 0.35021053116115886
    },
    "78": {
      "side": 5.235028716544036,
      "score": 0.3513528931159064
    },
    "79": {
      "side": 5.243311334534122,
      "score": 0.34800397152979734
    },
    "80": {
      "side": 5.243311335357745,
      "score": 0.34365392199363776
    },
    "81": {
      "side": 5.363382161028129,
      "score": 0.3551341753732687
    },
    "82": {
      "side": 5.368325353744984,
      "score": 0.3514502085812342
    },
    "83": {
      "side": 5.407933039460405,
      "score": 0.35235831035286086
    },
    "84": {
      "side": 5.4277941650753085,
      "score": 0.35072558926697106
    },
    "85": {
      "side": 5.460175522601906,
      "score": 0.35074725573671767
    },
    "86": {
      "side": 5.487026301683223,
      "score": 0.3500867166902728
    },
    "87": {
      "side": 5.517832834640846,
      "score": 0.3499595309315015
    },
    "88": {
      "side": 5.529923137370663,
      "score": 0.34750056710485683
    },
    "89": {
      "side": 5.5549812184722205,
      "score": 0.34671703750088895
    },
    "90": {
      "side": 5.55698897622894,
      "score": 0.3431125164658885
    },