{
  "cv_score": 70.3434077615903,
  "baseline_score": 70.35351593463794,
  "improvement": 0.01010817304764089,
  "num_improvements": 2,
  "overlap_rejections": 2171,
  "improvements": [
    {
      "n": 15,
      "old_score": 0.37694864468354145,
      "new_score": 0.37438053538454535,
      "improvement": 0.0025681092989960908,
      "source": "submission_ensemble.csv"
    },
    {
      "n": 37,
      "old_score": 0.36539769757797574,
      "new_score": 0.3578576338293257,
      "improvement": 0.007540063748650017,
      "source": "submission_ensemble.csv"
    }
  ]
}