{"cv_score": 0.009215006210589974, "single_mse": 0.010243283616967204, "full_mse": 0.008186728804212746}