{
  "cv_score": 70.61574363614818,
  "baseline_score": 70.62756944140376,
  "improvement": 0.011825805255583077,
  "n_improved": 169,
  "overlaps": []
}