{
  "cv_score": 70.62591788240462,
  "best_single_snapshot": 70.62591788240462,
  "num_valid_snapshots": 48,
  "ensemble_improvements": 1
}