{
  "cv_score": 70.67610239809186,
  "target_score": 68.889699,
  "gap": 1.7864033980918634,
  "improvement_from_baseline": -3.9809185636840994e-07
}