sample_id,target
ID1001187975__Dry_Green_g,36.057944151392405
ID1001187975__Dry_Dead_g,21.252441512797482
ID1001187975__Dry_Clover_g,4.6605929195792
ID1001187975__GDM_g,40.718537070971614
ID1001187975__Dry_Total_g,61.970978583769096
