sample_id,target
ID1001187975__Dry_Green_g,32.29732552245397
ID1001187975__Dry_Dead_g,33.55000655268047
ID1001187975__Dry_Clover_g,2.0575628641286183
ID1001187975__GDM_g,34.35488838658259
ID1001187975__Dry_Total_g,67.90489493926306
