{
  "cv_score": 70.34079283179824,
  "baseline_score": 70.34091744807057,
  "improvement": 0.0001246162723305133,
  "cpp_n_improved": 12,
  "cpp_overlaps": 63,
  "target": 68.879235,
  "gap": 1.4615578317982454
}