{
  "cv_score": 70.31658913803462,
  "baseline_score": 70.31670780940588,
  "improvement": 0.00011867137126841953,
  "n_improved": 34,
  "total_sources": 397,
  "final_overlaps": 0,
  "target": 68.8768,
  "gap": 1.4397891380346124
}