{
  "baseline_score": 70.67610239809186,
  "final_score": 70.67610239809186,
  "improvement": 0.0,
  "backward_prop_improvements": 0,
  "target": 68.922808
}