{
  "cv_score": 70.6243807244223,
  "overlaps": [],
  "source_file": "/home/nonroot/snapshots/santa-2025/21222392487/code/submission_candidates/candidate_029.csv",
  "target": 68.901319,
  "gap": 1.723061724422294
}