{
  "cv_score": 70.61510622576137,
  "baseline_score": 70.64732689763682,
  "improvement": 0.03222067187545008,
  "target": 68.888293,
  "gap": 1.7268132257613615
}