{
  "cv_score": 70.316648462568,
  "base_score": 70.33215484191581,
  "improvement": 0.015506379347812072,
  "num_improvements": 98,
  "overlap_rejections": 2517
}