{
  "cv_score": 70.31664846232187,
  "base_score": 70.33163585767501,
  "improvement": 0.014987395353145416,
  "num_improvements": 85,
  "overlap_rejections": 2517
}