{
  "cv_score": 70.31664842498135,
  "why_not_score": 70.33215484191581,
  "improvement": 0.015506416934456979,
  "num_improvements": 125,
  "overlap_rejections": 2517
}