{
  "cv_score": 70.62243491373589,
  "baseline_score": 70.62243491373589,
  "improvement": 0.0,
  "n_values_improved": 0,
  "overlap_errors": 0,
  "target": 68.888293,
  "gap": 1.7341419137358827
}