{
  "cv_score": 70.61510188576511,
  "best_file": "/home/nonroot/snapshots/santa-2025/21345558927/submission/submission.csv",
  "n1_optimal_angle": 45.0,
  "n1_optimal_side": 0.8131727983645297,
  "per_n_scores": {
    "1": {
      "side": 0.8131727983645263,
      "score": 0.6612499999999945
    },
    "2": {
      "side": 0.9495042736742612,
      "score": 0.45077918286284313
    },
    "3": {
      "side": 1.1420312680063256,
      "score": 0.43474513903471196
    },
    "4": {
      "side": 1.2908057151967516,
      "score": 0.4165448485961493
    },
    "5": {
      "side": 1.443692472141104,
      "score": 0.4168495908233784
    },
    "6": {
      "side": 1.5484384781396276,
      "score": 0.3996102867638944
    },
    "7": {
      "side": 1.673103658967496,
      "score": 0.399896550521489
    },
    "8": {
      "side": 1.7559208448035342,
      "score": 0.3854072516519446
    },
    "9": {
      "side": 1.8672801868291349,
      "score": 0.38741503290273877
    },
    "10": {
      "side": 1.940695856224301,
      "score": 0.3766300406366173
    },
    "11": {
      "side": 2.0308030210193,
      "score": 0.3749237191073742
    },
    "12": {
      "side": 2.1148730243838085,
      "score": 0.37272399243885973
    },
    "13": {
      "side": 2.1999595816133186,
      "score": 0.37229401236401904
    },
    "14": {
      "side": 2.2745546309122835,
      "score": 0.36954276921460816
    },
    "15": {
      "side": 2.3778624161740565,
      "score": 0.37694864468354145
    },
    "16": {
      "side": 2.446640126286906,
      "score": 0.3741279942223255
    },
    "17": {
      "side": 2.5081238211620325,
      "score": 0.37004030013414324
    },
    "18": {
      "side": 2.5764087672556304,
      "score": 0.36877122977731536
    },
    "19": {
      "side": 2.6464488108266955,
      "score": 0.3686153320171595
    },
    "20": {
      "side": 2.7424691778731254,
      "score": 0.3760568595792048
    },
    "21": {
      "side": 2.8116665639586924,
      "score": 0.3764508984230133
    },
    "22": {
      "side": 2.8732696090907353,
      "score": 0.3752581021147467
    },
    "23": {
      "side": 2.912260243961386,
      "score": 0.368750422980784
    },
    "24": {
      "side": 2.9617788790552595,
      "score": 0.3655055886840762
    },
    "25": {
      "side": 3.050181839330347,
      "score": 0.37214437011922635
    },
    "26": {
      "side": 3.1183201946038843,
      "score": 0.3739969552336311
    },
    "27": {
      "side": 3.1294423793956514,
      "score": 0.3627188742947228
    },
    "28": {
      "side": 3.2017098484025226,
      "score": 0.36610521261991796
    },
    "29": {
      "side": 3.2627269180384157,
      "score": 0.36708230833422273
    },
    "30": {
      "side": 3.290365219566938,
      "score": 0.3608834426045261
    },
    "31": {
      "side": 3.3882454918921026,
      "score": 0.37032927462345666
    },
    "32": {
      "side": 3.4195543538704536,
      "score": 0.3654172493460742
    },
    "33": {
      "side": 3.491250342409292,
      "score": 0.36935845313251514
    },
    "34": {
      "side": 3.5422038007583314,
      "score": 0.36903552253255206
    },
    "35": {
      "side": 3.5793824640411778,
      "score": 0.3660565378252998
    },
    "36": {
      "side": 3.5902201771762003,
      "score": 0.3580466922389752
    },
    "37": {
      "side": 3.6976370530979072,
      "score": 0.369527561525475
    },
    "38": {
      "side": 3.730027547127995,
      "score": 0.3661343553245707
    },
    "39": {
      "side": 3.754786498286748,
      "score": 0.36149799096708873
    },
    "40": {
      "side": 3.8060374754772126,
      "score": 0.36214803161842385
    },
    "41": {
      "side": 3.883436377583589,
      "score": 0.367831173139989
    },
    "42": {
      "side": 3.92520339699686,
      "score": 0.3668386120903736
    },
    "43": {
      "side": 3.9728824836089194,
      "score": 0.36706500531550174
    },
    "44": {
      "side": 4.01446248389054,
      "score": 0.3662706598764683
    },
    "45": {
      "side": 4.043866614566861,
      "score": 0.3633968265868543
    },
    "46": {
      "side": 4.094485735933404,
      "score": 0.3644524661252632
    },
    "47": {
      "side": 4.099045020077271,
      "score": 0.35749298035362287
    },
    "48": {
      "side": 4.131033242610388,
      "score": 0.35552990940733536
    },
    "49": {
      "side": 4.21996012170294,
      "score": 0.36342986589312426
    },
    "50": {
      "side": 4.247076253710528,
      "score": 0.36075313409663706
    },
    "51": {
      "side": 4.317894605395221,
      "score": 0.36557282006472847
    },
    "52": {
      "side": 4.33043508506416,
      "score": 0.3606282312683584
    },
    "53": {
      "side": 4.379306678262725,
      "score": 0.3618552260806887
    },
    "54": {
      "side": 4.38612133553608,
      "score": 0.356260377223052
    },
    "55": {
      "side": 4.418854092101126,
      "score": 0.3550231179505249
    },
    "56": {
      "side": 4.441589104304729,
      "score": 0.3522806030621158
    },
    "57": {
      "side": 4.4888728552571635,
      "score": 0.3535084124678
    },
    "58": {
      "side": 4.59152361192441,
      "score": 0.3634842944630928
    },
    "59": {
      "side": 4.612372393211954,
      "score": 0.36057591684175877
    },
    "60": {
      "side": 4.629849274821559,
      "score": 0.3572584051260953
    },
    "61": {
      "side": 4.674820466012944,
      "score": 0.35826141622054886
    },
    "62": {
      "side": 4.682618802018168,
      "score": 0.3536599813711946
    },
    "63": {
      "side": 4.714447290789268,
      "score": 0.3527938612322265
    },
    "64": {
      "side": 4.7239641377050585,
      "score": 0.34868495584880466
    },
    "65": {
      "side": 4.848167079312756,
      "score": 0.36161113890664576
    },
    "66": {
      "side": 4.866847900684359,
      "score": 0.35888194679387503
    },
    "67": {
      "side": 4.869110513553574,
      "score": 0.35385428646564104
    },
    "68": {
      "side": 4.9036992171861495,
      "score": 0.35362155900929493
    },
    "69": {
      "side": 4.945954102110548,
      "score": 0.35452843449542254
    },
    "70": {
      "side": 4.94630167057254,
      "score": 0.3495128602329814
    },
    "71": {
      "side": 5.000845865943402,
      "score": 0.35223182218201715
    },
    "72": {
      "side": 5.009616372021174,
      "score": 0.3485591138169804
    },
    "73": {
      "side": 5.077483666831201,
      "score": 0.3531621970813372
    },
    "74": {
      "side": 5.108863161799054,
      "score": 0.3527092271079381
    },
    "75": {
      "side": 5.144643938721101,
      "score": 0.3528981500829302
    },
    "76": {
      "side": 5.154533999946248,
      "score": 0.34959500995528775
    },
    "77": {
      "side": 5.199588235029758,
      "score": 0.3511132183618165
    },
    "78": {
      "side": 5.2353886964071075,
      "score": 0.3514012154162476
    },
    "79": {
      "side": 5.247528341720449,
      "score": 0.3485639708501186
    },
    "80": {
      "side": 5.2526600537258075,
      "score": 0.344880470500085
    },
    "81": {
      "side": 5.363382161028129,
      "score": 0.3551341753732687
    },
    "82": {
      "side": 5.368325353969683,
      "score": 0.3514502086106552
    },
    "83": {
      "side": 5.407933039460405,
      "score": 0.35235831035286086
    },
    "84": {
      "side": 5.427794165075309,
      "score": 0.3507255892669711
    },
    "85": {
      "side": 5.460175522601906,
      "score": 0.35074725573671767
    },
    "86": {
      "side": 5.487019083044894,
      "score": 0.3500857955546375
    },
    "87": {
      "side": 5.517832834640846,
      "score": 0.3499595309315015
    },
    "88": {
      "side": 5.529923137370663,
      "score": 0.34750056710485683
    },
    "89": {
      "side": 5.55498121848147,
      "score": 0.3467170375020436
    },
    "90": {
      "side": 5.556988976636125,
      "score": 0.3431125165161712
    },