{
  "cv_score": 70.64730613290918,
  "baseline_score": 70.647327,
  "improvement": 2.0867090825049672e-05,
  "source_wins": {
    "santa-2025.csv": 88,
    "submission.csv": 112
  },
  "n_improved": 88
}