{
  "cv_score": 70.64732689763682,
  "lb_score": 70.647327,
  "overlap_configs": 0,
  "target": 68.888293,
  "gap": 1.7590338976368116
}