{"cv_score": 0.008828, "single_mse": 0.010338, "full_mse": 0.008021}
