{
  "cv_score": 70.61574464454198,
  "baseline_score": 70.64732689763682,
  "improvement": 0.03158225309483953,
  "validation_failures": 57
}