{
    "cv_score": 149.294025,
    "baseline_score": 173.652299,
    "fix_direction_score": 151.174315,
    "local_search_score": 149.294025,
    "target_score": 68.931058
}
