{
  "cv_score": 70.34091744807057,
  "baseline_score": 70.34095966509364,
  "improvement": 4.22170230649499e-05,
  "n_improved": 4,
  "total_snapshots": 3781,
  "final_overlaps": 0,
  "target": 68.879467,
  "gap": 1.4614504480705648
}