{
  "improvements": [],
  "total_improvement": 0,
  "elapsed_time": 16207.520763158798,
  "iterations_per_n": 100000,
  "num_workers": 26,
  "baseline_total": 70.3066943215306,
  "new_total": 70.30669432134432
}