{
  "cv_score": 70.61574477072388,
  "baseline_score": 70.676102,
  "improvement": 0.060357229276121416,
  "overlap_count": 0
}