{
  "cv_score": 70.6157447707239,
  "baseline_score": 70.67610239809186,
  "improvement": 0.06035762736796357
}