{
  "cv_score": 70.57279843222891,
  "best_file": "/home/nonroot/snapshots/santa-2025/21145966992/submission/submission.csv",
  "per_n_scores": {
    "1": 0.6612499999999945,
    "2": 0.43732757882782786,
    "3": 0.43474513903471196,
    "4": 0.4110559130270498,
    "5": 0.39410918824789415,
    "6": 0.3996102867638965,
    "7": 0.3998965505503062,
    "8": 0.3854072516519504,
    "9": 0.3874150329177231,
    "10": 0.3766300406370859,
    "11": 0.3757360703633789,
    "12": 0.3727239924438981,
    "13": 0.3723231349985353,
    "14": 0.3705692575914461,
    "15": 0.3792028507723369,
    "16": 0.37389433682806533,
    "17": 0.37004030013414324,
    "18": 0.36877122977731536,
    "19": 0.3686153320173895,
    "20": 0.37605685957923224,
    "21": 0.3764508984256855,
    "22": 0.37525812368752737,
    "23": 0.3687517081754653,
    "24": 0.36550558878571643,
    "25": 0.37214437012348367,
    "26": 0.3739969552336439,
    "27": 0.36271887429472865,
    "28": 0.3661052126201177,
    "29": 0.3671139604807809,
    "30": 0.3608834426049407,
    "31": 0.3703292746236271,
    "32": 0.3656253137167277,
    "33": 0.36935845313309473,
    "34": 0.3690405369353946,
    "35": 0.3666245732212277,
    "36": 0.35864001373649357,
    "37": 0.36952775277812333,
    "38": 0.36652214602672845,
    "39": 0.3614980084087189,
    "40": 0.3621270319754538,
    "41": 0.367868473866084,
    "42": 0.36683865970587914,
    "43": 0.3700399870695124,
    "44": 0.3662934767709754,
    "45": 0.36352317598232164,
    "46": 0.36413345724352636,
    "47": 0.3564183655004106,
    "48": 0.3552205738382876,
    "49": 0.36343199995085956,
    "50": 0.36075313653087066,
    "51": 0.365574238035102,
    "52": 0.36133945495582565,
    "53": 0.3587866056338813,
    "54": 0.3521694535140674,
    "55": 0.3467894295339263,
    "56": 0.3409533289627561,
    "57": 0.3580447457059129,
    "58": 0.3634880577403763,
    "59": 0.36023934599962765,
    "60": 0.35725840513580437,
    "61": 0.3582836638011561,
    "62": 0.3535597091080937,
    "63": 0.3531896212885836,
    "64": 0.3503519481876106,
    "65": 0.3637953892426716,
    "66": 0.35888194679389196,
    "67": 0.35385430377325255,
    "68": 0.35362200619141726,
    "69": 0.35370591679122293,
    "70": 0.34935519657558894,
    "71": 0.34832762572967263,
    "72": 0.34855928529868446,
    "73": 0.3533409448510765,
    "74": 0.3541393752598293,
    "75": 0.3537731797903703,
    "76": 0.3516028024339817,
    "77": 0.35021053116115886,
    "78": 0.3513528931159064,
    "79": 0.34800397152979734,
    "80": 0.34365392199363776,
    "81": 0.3554383754341144,
    "82": 0.35153109944227673,
    "83": 0.3524665601035916,
    "84": 0.3507255892704154,
    "85": 0.35094089306675536,
    "86": 0.35008809367875676,
    "87": 0.3530098153656476,
    "88": 0.34955010649817414,
    "89": 0.3469251513667819,
    "90": 0.34319125876009005,
    "91": 0.3479110253125171,
    "92": 0.3484815016721124,
    "93": 0.34659609175875356,
    "94": 0.3511497568476212,
    "95": 0.34855183924334976,
    "96": 0.34630274547753936,
    "97": 0.34773559880367155,
    "98": 0.34895419345475215,
    "99": 0.3454976909157092,
    "100": 0.34541139236345214,
    "101": 0.3503890697166318,
    "102": 0.3471395590534502,
    "103": 0.34411788471504007,
    "104": 0.340809865376754,
    "105": 0.34287277615162015,
    "106": 0.34137768413364006,
    "107": 0.3454515137836831,
    "108": 0.34262737326546117,
    "109": 0.33988460958426586,
    "110": 0.33719871216779096,
    "111": 0.3439954100552568,
    "112": 0.3464526077632308,
    "113": 0.3483710550996828,
    "114": 0.3456206346186795,
    "115": 0.34357607706801563,
    "116": 0.343516173607512,
    "117": 0.3419549629308619,
    "118": 0.3392837197875198,
    "119": 0.3383606796429954,
    "120": 0.3368861929473862,
    "121": 0.35133111317388976,
    "122": 0.350176583473547,
    "123": 0.3487169927086705,
    "124": 0.346639938489029,
    "125": 0.3451692299137398,
    "126": 0.3438383972859546,
    "127": 0.3419123705401196,
    "128": 0.3432764358319922,
    "129": 0.3406883860371781,
    "130": 0.33811873313668717,
    "131": 0.3360472073255044,
    "132": 0.333817654188457,
    "133": 0.34046734838976406,
    "134": 0.34647458892218047,
    "135": 0.3473532124941404,
    "136": 0.3454600208766515,
    "137": 0.3432285412419042,
    "138": 0.3410385925360942,
    "139": 0.3403778182186612,
    "140": 0.33916316005371216,
    "141": 0.3437047934407422,
    "142": 0.34129428755029906,
    "143": 0.3413478682845761,
    "144": 0.3422763145988019,
    "145": 0.3428819308223889,
    "146": 0.3434413500491533,
    "147": 0.34176038648324164,
    "148": 0.3398238223391945,
    "149": 0.3380095822872655,
    "150": 0.33706016098336605,
    "151": 0.3402607405262235,
    "152": 0.3383490370884324,
    "153": 0.33616106860691175,
    "154": 0.33403028427518355,
    "155": 0.3319284741369888,
    "156": 0.329911906615794,
    "157": 0.34187580710338955,
    "158": 0.34129317744728416,
    "159": 0.3409047233673716,
    "160": 0.339406812598748,
    "161": 0.3386318218028146,
    "162": 0.3383321528532343,
    "163": 0.33752643935714866,
    "164": 0.3373276985846247,
    "165": 0.33556885511397533,
    "166": 0.3341153848512776,
    "167": 0.3321286932630825,
    "168": 0.33154791725659355,
    "169": 0.3424998493836783,
    "170": 0.3414843486201688,
    "171": 0.34144916084985477,
    "172": 0.34053969424902686,
    "173": 0.33948936766530036,
    "174": 0.33903906878219786,
    "175": 0.33846321126601725,
    "176": 0.3380746874280458,
    "177": 0.33617524150439754,
    "178": 0.3343639740520543,
    "179": 0.3325712724162086,
    "180": 0.3310019510947521,
    "181": 0.32995397616238015,
    "182": 0.32998796384826284,
    "183": 0.33954992960995956,
    "184": 0.33942752594360703,
    "185": 0.33823254454349844,
    "186": 0.3409997742026692,
    "187": 0.34060401530252793,
    "188": 0.3395887751721788,
    "189": 0.33882144754315946,
    "190": 0.3379013939141155,
    "191": 0.33628474712060596,
    "192": 0.3345809941864925,
    "193": 0.33394982061580386,
    "194": 0.33308539235940593,
    "195": 0.3329006737253209,
    "196": 0.3332992223861584,
    "197": 0.3360473800735443,
    "198": 0.3373921290525153,
    "199": 0.3384332409303941,
    "200": 0.33773131164755554
  }
}