{
  "cv_score": 70.26572959807639,
  "baseline_score": 70.61510188576513,
  "ensemble_score": 70.26572958542661,
  "improvement": 0.3493722876887375,
  "n_improvements": 43,
  "improvements": [
    [
      15,
      7.549977558030108e-06,
      "016_multi_seed_sa"
    ],
    [
      24,
      0.3483689725643536,
      "experiments"
    ],
    [
      35,
      1.5455635746564056e-05,
      "016_multi_seed_sa"
    ],
    [
      36,
      0.0003335592252777797,
      "016_multi_seed_sa"
    ],
    [
      57,
      2.763326360971652e-05,
      "016_multi_seed_sa"
    ],
    [
      58,
      1.3550713557908267e-06,
      "code"
    ],
    [
      59,
      9.739693117016834e-07,
      "016_multi_seed_sa"
    ],
    [
      61,
      3.3035952562432414e-07,
      "code"
    ],
    [
      63,
      9.420283286765141e-07,
      "code"
    ],
    [
      64,
      1.3169753089181668e-06,
      "code"
    ],
    [
      65,
      0.0003268700271982783,
      "016_multi_seed_sa"
    ],
    [
      66,
      2.6324425994594947e-06,
      "016_multi_seed_sa"
    ],
    [
      73,
      7.501625694517067e-07,
      "solutions"
    ],
    [
      76,
      3.1332666122763086e-07,
      "016_multi_seed_sa"
    ],
    [
      78,
      2.32016231171972e-06,
      "code"
    ],
    [
      81,
      1.6432299490554136e-06,
      "code"
    ],
    [
      87,
      2.7905868820732316e-06,
      "code"
    ],
    [
      88,
      7.482112563350629e-06,
      "code"
    ],
    [
      91,
      7.048622762129142e-07,
      "solutions"
    ],
    [
      92,
      1.8679825314338316e-07,
      "code"
    ]
  ],
  "notes": "Ensemble from all snapshots with overlap validation"
}