{
  "cv_score": 70.31565290661716,
  "baseline_score": 70.316492,
  "improvement": 0.0008390933828366087,
  "num_improvements": 1,
  "improvements": [
    [
      124,
      0.0008390623870678238
    ]
  ]
}