{
  "improvements": [],
  "total_improvement": 0.0,
  "initial_score": 70.3066943215306,
  "final_score": 70.3066943215306,
  "elapsed_time": 1438.2826437950134,
  "passes": 1
}