{
  "cv_score": 70.37333406329618,
  "baseline_score": 70.61507371042038,
  "improvement": 0.2417396471241915,
  "n_from_santa": 163,
  "n_from_exp008": 37,
  "final_overlaps": 0,
  "target": 68.888293,
  "gap": 1.4850410632961797
}