{
  "cv_score": 70.63036981424865,
  "initial_score": 70.63036981424865,
  "improvement": 0.0,
  "n_values_improved": 0,
  "approach": "tree_deletion_cascade"
}