{
  "cv_score": 70.67610239809186,
  "baseline_score": 70.67610239809186,
  "improvement": 0.0,
  "improvements_count": 0
}