{
  "cv_score": 70.52268225266549,
  "baseline_score": 70.57279843222891,
  "improvement": 0.05011617956341752,
  "valid_improvements_found": 440,
  "improvements_rejected_overlaps": 13,
  "unique_sources": 9,
  "n_values_improved": 116
}