{
  "cv_score": 70.34095966509364,
  "baseline_score": 70.34095966509364,
  "improvement": 0.0,
  "n_improved": 0,
  "total_new_files": 81,
  "final_overlaps": 0,
  "target": 68.879235,
  "gap": 1.4617246650936409
}