{
  "cv_score": 70.613077350561,
  "baseline_score": 70.61510188576513,
  "improvement": 0.002024535204128597,
  "n_improvements": 69,
  "improvements": [
    [
      36,
      0.0003335592252777797,
      "submission.csv"
    ],
    [
      65,
      0.0003268700271982783,
      "submission.csv"
    ],
    [
      94,
      0.000278277010844985,
      "submission.csv"
    ],
    [
      36,
      0.00023031516128074747,
      "submission.csv"
    ],
    [
      94,
      0.00022436873497394538,
      "submission.csv"
    ],
    [
      65,
      0.00011537431730634928,
      "submission.csv"
    ],
    [
      35,
      0.00010433345389432302,
      "submission.csv"
    ],
    [
      93,
      8.056341099943465e-05,
      "submission.csv"
    ],
    [
      57,
      4.017437705722271e-05,
      "submission.csv"
    ],
    [
      57,
      2.763326360971652e-05,
      "submission.csv"
    ],
    [
      101,
      2.403311157683774e-05,
      "submission.csv"
    ],
    [
      81,
      2.128755385821801e-05,
      "submission.csv"
    ],
    [
      85,
      1.9840245193580852e-05,
      "submission.csv"
    ],
    [
      95,
      1.8930724079990746e-05,
      "submission.csv"
    ],
    [
      59,
      1.5667983415346143e-05,
      "submission.csv"
    ],
    [
      35,
      1.5455635746564056e-05,
      "submission.csv"
    ],
    [
      64,
      1.447743305671434e-05,
      "submission.csv"
    ],
    [
      54,
      1.0710114545509075e-05,
      "submission.csv"
    ],
    [
      91,
      1.0629770101244773e-05,
      "submission.csv"
    ],
    [
      82,
      1.0535722812621273e-05,
      "submission.csv"
    ],
    [
      98,
      9.967503244112663e-06,
      "submission.csv"
    ],
    [
      52,
      9.918001819875233e-06,
      "submission.csv"
    ],
    [
      15,
      7.549977558030108e-06,
      "submission.csv"
    ],
    [
      88,
      7.482112563350629e-06,
      "submission.csv"
    ],
    [
      62,
      6.198408108559761e-06,
      "submission.csv"
    ],
    [
      97,
      5.952258630037566e-06,
      "submission.csv"
    ],
    [
      58,
      5.460904260845556e-06,
      "submission.csv"
    ],
    [
      61,
      4.171788525908493e-06,
      "submission.csv"
    ],
    [
      100,
      3.515195597547649e-06,
      "submission.csv"
    ],
    [
      95,
      3.4724038934230705e-06,
      "submission.csv"
    ],
    [
      63,
      2.9728091157643632e-06,
      "submission.csv"
    ],
    [
      87,
      2.7905868820732316e-06,
      "submission.csv"
    ],
    [
      66,
      2.6324425994594947e-06,
      "submission.csv"
    ],
    [
      78,
      2.32016231171972e-06,
      "submission.csv"
    ],
    [
      159,
      2.1393111652723285e-06,
      "submission.csv"
    ],
    [
      131,
      1.7668254176927967e-06,
      "submission.csv"
    ],
    [
      92,
      1.7283344438401294e-06,
      "submission.csv"
    ],
    [
      184,
      1.6456317497026696e-06,
      "submission.csv"
    ],
    [
      81,
      1.6432299490554136e-06,
      "submission.csv"
    ],
    [
      97,
      1.629097298394555e-06,
      "submission.csv"
    ],
    [
      58,
      1.3550713557908267e-06,
      "submission.csv"
    ],
    [
      64,
      1.3169753089181668e-06,
      "submission.csv"
    ],
    [
      93,
      1.287166645713711e-06,
      "submission.csv"
    ],
    [
      100,
      1.1446677828930163e-06,
      "submission.csv"
    ],
    [
      98,
      1.1155822443043029e-06,
      "submission.csv"
    ],
    [
      160,
      1.0948351281125923e-06,
      "submission.csv"
    ],
    [
      143,
      1.0212175697854597e-06,
      "submission.csv"
    ],
    [
      59,
      9.739693117016834e-07,
      "submission.csv"
    ],
    [
      63,
      9.420283286765141e-07,
      "submission.csv"
    ],
    [
      73,
      7.501625694517067e-07,
      "submission.csv"
    ]
  ]
}