{
  "cv_score": 70.31657898409048,
  "whynot_score": 70.33215484191581,
  "improvement": 0.015575857825325556,
  "num_improvements": 156,
  "overlap_rejections": 2517,
  "source_distribution": {
    "why-not": 115,
    "submission2.csv": 4,
    "submission.csv": 39,
    "submission_ensemble.csv": 40,
    "submission_v2.csv": 2
  }
}