{
  "cv_score": 70.62608831308174,
  "target": 68.897509,
  "gap": 1.7285793130817382,
  "n2_current": 0.9495042736742612,
  "n2_theoretical": 1.2778354963631224,
  "strict_validation_passed": true,
  "notes": "NFP-based placement and exhaustive search for N=2 found no improvements. Current solution is at strong local optimum."
}