{
  "cv_score": 70.61510188576513,
  "baseline_score": 70.61510188576513,
  "improvement": 0.0,
  "n2_baseline_score": 0.4507791828628434,
  "n2_new_score": 0.4507791828628433,
  "n2_improvement": 1.1102230246251565e-16,
  "best_config": {
    "a1": 203.62937773065684,
    "a2": 23.629377730656792,
    "x2": -0.3081941392427286,
    "y2": -0.5229185146104292
  },
  "notes": "Exhaustive search for N=2 with hierarchical refinement"
}