{
  "cv_score": 70.31649179624709,
  "baseline_score": 70.31657915581732,
  "improvement": 8.735957023020546e-05,
  "num_improvements": 43,
  "overlap_rejections": 2517
}