{
  "5": {
    "baseline_side": 1.443692472141104,
    "baseline_score": 0.4168495908233784,
    "best_side": 2.0,
    "best_score": 0.8,
    "improvement": -0.38315040917662163,
    "config": "n_even=2, n_odd=2, h=0.7, v=1.0",
    "time": 0.16645169258117676
  },
  "10": {
    "baseline_side": 1.940695856224301,
    "baseline_score": 0.3766300406366173,
    "best_side": 2.2,
    "best_score": 0.4840000000000001,
    "improvement": -0.10736995936338278,
    "config": "n_even=3, n_odd=2, h=0.7, v=1.0",
    "time": 0.675250768661499
  },
  "20": {
    "baseline_side": 2.7424691778731254,
    "baseline_score": 0.3760568595792048,
    "best_side": 3.15,
    "best_score": 0.496125,
    "improvement": -0.12006814042079517,
    "config": "n_even=4, n_odd=4, h=0.7, v=1.0",
    "time": 2.836798906326294
  }
}