{
  "cv_score": 70.3295137792292,
  "baseline_score": 70.3295137792292,
  "improvement": 0.0,
  "n_improved": 0,
  "final_overlaps": 0,
  "target": 68.876781,
  "gap": 1.4527327792292084
}