{
  "cv_score": 70.61510651670615,
  "baseline_score": 70.61510651670615,
  "improvement": 0.0,
  "test_results": {
    "10": {
      "baseline_score": 0.3766300406366173,
      "improved_score": 0.3766300406366173,
      "improvement": 0.0,
      "time": 0.34645867347717285
    },
    "15": {
      "baseline_score": 0.37694864468354145,
      "improved_score": 0.37694864468354145,
      "improvement": 0.0,
      "time": 0.9080920219421387
    },
    "20": {
      "baseline_score": 0.3760568595792048,
      "improved_score": 0.3760568595792048,
      "improvement": 0.0,
      "time": 1.6022849082946777
    },
    "25": {
      "baseline_score": 0.37214437011922635,
      "improved_score": 0.37214437011922635,
      "improvement": 0.0,
      "time": 2.4936683177948
    },
    "30": {
      "baseline_score": 0.3608834426045261,
      "improved_score": 0.3608834426045261,
      "improvement": 0.0,
      "time": 3.8358449935913086
    }
  },
  "notes": "Fractional translation found NO improvements. Baseline 21337353543 is already at local optimum. Submitted baseline as-is."
}