{
  "cv_score": 70.61510188576513,
  "expected_lb_score": 70.615106516706,
  "target": 68.882921,
  "gap": 1.732180885765132,
  "notes": "Valid baseline from snapshot 21337107511 that passed Kaggle validation"
}