{
  "cv_score": 74.96094818140274,
  "total_score": 74.96094818140274,
  "overlap_errors": 198,
  "target": 68.888293,
  "gap": 6.072655181402737
}