{
  "cv_score": 70.67610239809186,
  "overlap_errors": 0,
  "target": 68.888293,
  "gap": 1.7878093980918521
}