{
  "cv_score": 70.31671793839972,
  "base_score": 70.33163516979467,
  "improvement_over_base": 0.014917231394946384,
  "num_improvements": 69,
  "overlap_rejections": 2551,
  "source_counts": {
    "team-blend": 137,
    "submission2.csv": 3,
    "submission.csv": 60
  }
}