{"cv_score": 70.627608, "improvements": [{"n": 63, "improvement": 0.000026}], "source": "snapshot_21191209482"}
