{
  "cv_score": 70.31649164019508,
  "baseline_score": 70.31649196900423,
  "improvement": 3.2880915057376114e-07,
  "num_improvements": 4,
  "runtime_seconds": 2172,
  "notes": "Extended C++ optimization with bbox3. Found 4 N values with tiny improvements."
}