{"cv_score": 70.62763372172908, "best_score": 70.62789589950205, "improvements": 3, "total_improvement": 0.00026217777296722033, "improvement_details": [[35, 0.0002172348097526644], [64, 1.076072735767264e-05], [88, 3.418223584722435e-05]]}