{
  "cv_score": 70.613077350561,
  "baseline_score": 70.61510188576513,
  "improvement": 0.002024535204128597,
  "n_improvements": 69
}