{
  "baseline_score": 70.67610239809186,
  "ensemble_score": 70.67610239809186,
  "final_score": 70.67610239809186,
  "best_score": 70.67610239809186,
  "target_score": 68.919154,
  "gap": 1.7569483980918505,
  "csv_files_used": 23,
  "overlaps": 0
}