{
  "cv_score": 70.3731557600885,
  "baseline_score": 70.61510188576513,
  "improvement": 0.24194612567663398,
  "num_improvements": 167,
  "notes": "Ensemble of best per-N solutions from 3512 snapshot files"
}