{
  "cv_score": 70.67610239809187,
  "baseline_score": 70.67610239809187,
  "ensemble_score": 70.61578825796157,
  "potential_improvement": 0.06031414013030201,
  "notes": "Used baseline because all ensemble attempts failed Kaggle validation. Local validation does not match Kaggle."
}