{
  "cv_score": 0.044696202120597744,
  "single_cv": 0.04406274954511729,
  "full_cv": 0.0453296546960782,
  "model": "MultiOrderGATWrapper (Multi-Order GAT with Attention Readout)",
  "baseline_cv": 0.008092,
  "improvement": "-452.35%"
}