{
  "cv_score": 70.316492,
  "n1_optimal": 0.6612500000000001,
  "n1_baseline": 0.6612499999999945,
  "n2_best": 0.4507791828628433,
  "n2_baseline": 0.4507791828628433,
  "method": "small_n_focus"
}