{
  "cv_score": 70.64730613290918,
  "baseline_score": 70.64730613290918,
  "improvement": 0.0,
  "n2_baseline": 0.45077918286284313,
  "n2_exhaustive": 0.47647269543614906,
  "n3_baseline": 0.43474513903471196,
  "n3_beam_search": 0.5208333333333331,
  "improvements": []
}