{
  "cv_score": 70.64730613290918,
  "baseline_score": 70.64730613290918,
  "improvement": 0.0,
  "num_improvements": 0,
  "improvements_detail": []
}