{
  "cv_score": 70.64730613290918,
  "ensemble_score": 70.64730613290918,
  "improvement_from_frac_trans": 0.0,
  "source_wins": {
    "boc": 112,
    "saspav": 88,
    "smartmanoj": 0
  },
  "num_improvements": 0,
  "target": 68.919154,
  "gap_to_target": 1.7281521329091731
}