{
  "cv_score": 70.64732689763679,
  "target": 68.919154,
  "gap": 1.7281728976367816,
  "source": "bucket-of-chump pre-optimized dataset"
}