{
  "cv_score": 76.33146181423606,
  "target": 68.919154,
  "gap": 7.412307814236058,
  "source": "bucket-of-chump pre-optimized dataset"
}