{
  "cv_score": 0.009318259396268812,
  "single_cv": 0.0095440413623942,
  "full_cv": 0.009092477430143426,
  "model": "EnsembleModel (CatBoost + XGBoost)",
  "baseline_cv": 0.0081,
  "improvement": "-15.04%"
}