{
  "cv_score": 70.31565290661716,
  "baseline_score": 70.31565290661716,
  "improvement": 0.006493509023217325,
  "num_improvements": 8,
  "notes": "Checked latest saspav (Jan 27). Found 8 per-N improvements."
}