{
  "cv_score": 70.30915939759393,
  "baseline_score": 70.315653,
  "improvement": 0.006493509023217325,
  "num_improvements": 8,
  "notes": "Ensemble with latest saspav (Jan 27). Applied 8 per-N improvements."
}