{
  "cv_score": 70.61510142302751,
  "baseline_score": 70.61510188576511,
  "improvement": 4.627376084327564e-07,
  "improvements_found": 1,
  "improvements_by_n": {
    "135": 4.627376084531676e-07
  }
}