{
  "cv_score": 70.34095966509364,
  "baseline_score": 70.373334,
  "improvement": 0.032374334906364766,
  "n_improved": 80,
  "total_sources": 582,
  "final_overlaps": 0,
  "target": 68.879467,
  "gap": 1.4614926650936297
}