{
  "cv_score": 70.34095966509364,
  "baseline_score": 70.36439162315997,
  "improvement": 0.023431958066339575,
  "n_improved": 80,
  "total_sources": 582,
  "final_overlaps": 7,
  "target": 68.879467,
  "gap": 1.4614926650936297
}