{
  "cv_score": 70.67610239809181,
  "target_score": 68.894234,
  "gap": 1.7818683980918166,
  "gap_percent": 2.586382480269418
}