{
  "cv_score": 70.67610239809186,
  "target": 68.894234,
  "gap": 1.7818683980918593,
  "n_values": 200
}