{
  "cv_score": 87.81118081890219,
  "initial_score": 87.99124769778575,
  "improvement": 0.1800668788835651,
  "overlapping_n_count": 0,
  "per_n_scores": {
    "1": 0.6612500000000001,
    "2": 0.6555064122054735,
    "3": 0.5786558630163829,
    "4": 0.7247291792279007,
    "5": 0.8,
    "6": 0.6666666666666666,
    "7": 0.63,
    "8": 0.55125,
    "9": 0.5377777777777779,
    "10": 0.4840000000000001,
    "11": 0.5456818181818183,
    "12": 0.5002083333333335,
    "13": 0.603076923076923,
    "14": 0.5599999999999999,
    "15": 0.6,
    "16": 0.5625,
    "17": 0.5294117647058824,
    "18": 0.5,
    "19": 0.5222368421052631,
    "20": 0.496125,
    "21": 0.48761904761904773,
    "22": 0.46545454545454557,
    "23": 0.4452173913043479,
    "24": 0.42666666666666675,
    "25": 0.49,
    "26": 0.47115384615384615,
    "27": 0.4537037037037037,
    "28": 0.529375,
    "29": 0.5111206896551724,
    "30": 0.4940833333333334,
    "31": 0.5161290322580645,
    "32": 0.5,
    "33": 0.48484848484848486,
    "34": 0.47058823529411764,
    "35": 0.45714285714285713,
    "36": 0.49,
    "37": 0.47675675675675677,
    "38": 0.46421052631578946,
    "39": 0.4523076923076923,
    "40": 0.441,
    "41": 0.4302439024390244,
    "42": 0.42000000000000004,
    "43": 0.4102325581395349,
    "44": 0.40090909090909094,
    "45": 0.4600555555555555,
    "46": 0.4500543478260869,
    "47": 0.44047872340425526,
    "48": 0.43130208333333325,
    "49": 0.4900000000000001,
    "50": 0.4802000000000001,
    "51": 0.4707843137254903,
    "52": 0.46173076923076933,
    "53": 0.4716981132075472,
    "54": 0.46296296296296297,
    "55": 0.45454545454545453,
    "56": 0.44642857142857145,
    "57": 0.43859649122807015,
    "58": 0.43103448275862066,
    "59": 0.423728813559322,
    "60": 0.4506666666666667,
    "61": 0.4432786885245902,
    "62": 0.43612903225806454,
    "63": 0.42920634920634926,
    "64": 0.42250000000000004,
    "65": 0.41600000000000004,
    "66": 0.41761363636363635,
    "67": 0.41138059701492535,
    "68": 0.4053308823529412,
    "69": 0.39945652173913043,
    "70": 0.39375,
    "71": 0.44169014084507036,
    "72": 0.4355555555555555,
    "73": 0.42958904109589036,
    "74": 0.42378378378378373,
    "75": 0.4181333333333333,
    "76": 0.4658223684210527,
    "77": 0.45977272727272733,
    "78": 0.45387820512820515,
    "79": 0.44813291139240513,
    "80": 0.44253125000000004,
    "81": 0.4444444444444444,
    "82": 0.43902439024390244,
    "83": 0.43373493975903615,
    "84": 0.42857142857142855,
    "85": 0.4235294117647059,
    "86": 0.4186046511627907,
    "87": 0.41379310344827586,
    "88": 0.4090909090909091,
    "89": 0.4319101123595506,
    "90": 0.42711111111111116,
    "91": 0.4224175824175825,
    "92": 0.4178260869565218,
    "93": 0.4133333333333334,
    "94": 0.408936170212766,
    "95": 0.40463157894736845,
    "96": 0.4004166666666667,
    "97": 0.40917525773195873,
    "98": 0.40499999999999997,
    "99": 0.4009090909090909,
    "100": 0.3969,
    "101": 0.39297029702970293,
    "102": 0.3891176470588235,
    "103": 0.4293446601941748,
    "104": 0.4252163461538462,
    "105": 0.4211666666666667,
    "106": 0.4171933962264151,
    "107": 0.41329439252336453,
    "108": 0.40946759259259263,
    "109": 0.44954128440366975,
    "110": 0.44545454545454544,
    "111": 0.44144144144144143,
    "112": 0.4375,
    "113": 0.4336283185840708,
    "114": 0.4298245614035088,
    "115": 0.4260869565217391,
    "116": 0.4224137931034483,
    "117": 0.4188034188034188,
    "118": 0.4152542372881356,
    "119": 0.4117647058823529,
    "120": 0.4083333333333333,
    "121": 0.4049586776859504,
    "122": 0.4016393442622951,
    "123": 0.3983739837398374,
    "124": 0.3951612903225806,
    "125": 0.41472000000000003,
    "126": 0.4114285714285715,
    "127": 0.40818897637795276,
    "128": 0.405,
    "129": 0.4018604651162791,
    "130": 0.3987692307692308,
    "131": 0.3957251908396947,
    "132": 0.39272727272727276,
    "133": 0.3897744360902256,
    "134": 0.4031529850746268,
    "135": 0.4001666666666666,
    "136": 0.3972242647058823,
    "137": 0.3943248175182481,
    "138": 0.39146739130434777,
    "139": 0.3886510791366906,
    "140": 0.38587499999999997,
    "141": 0.4204964539007093,
    "142": 0.4175352112676057,
    "143": 0.41461538461538466,
    "144": 0.41173611111111114,
    "145": 0.40889655172413797,
    "146": 0.40609589041095895,
    "147": 0.4033333333333334,
    "148": 0.43243243243243246,
    "149": 0.42953020134228187,
    "150": 0.4266666666666667,
    "151": 0.423841059602649,
    "152": 0.42105263157894735,
    "153": 0.41830065359477125,
    "154": 0.4155844155844156,
    "155": 0.4129032258064516,
    "156": 0.41025641025641024,
    "157": 0.40764331210191085,
    "158": 0.4050632911392405,
    "159": 0.4075628930817611,
    "160": 0.40501562500000005,
    "161": 0.4025000000000001,
    "162": 0.4000154320987655,
    "163": 0.3975613496932516,
    "164": 0.3951371951219513,
    "165": 0.3927424242424243,
    "166": 0.4050602409638554,
    "167": 0.4026347305389221,
    "168": 0.4002380952380952,
    "169": 0.3978698224852071,
    "170": 0.39552941176470585,
    "171": 0.3932163742690058,
    "172": 0.3909302325581395,
    "173": 0.38867052023121385,
    "174": 0.38643678160919537,
    "175": 0.3842285714285714,
    "176": 0.3820454545454545,
    "177": 0.39864406779661016,
    "178": 0.39640449438202247,
    "179": 0.3941899441340782,
    "180": 0.392,
    "181": 0.3898342541436464,
    "182": 0.3876923076923077,
    "183": 0.3855737704918033,
    "184": 0.3834782608695652,
    "185": 0.41385135135135137,
    "186": 0.4116263440860215,
    "187": 0.40942513368983957,
    "188": 0.4072473404255319,
    "189": 0.4050925925925926,
    "190": 0.4029605263157895,
    "191": 0.40085078534031415,
    "192": 0.3987630208333333,
    "193": 0.41968911917098445,
    "194": 0.4175257731958763,
    "195": 0.4153846153846154,
    "196": 0.413265306122449,
    "197": 0.41116751269035534,
    "198": 0.4090909090909091,
    "199": 0.40703517587939697,
    "200": 0.405
  }
}