{
  "cv_score": 70.62591788240462,
  "total_improvement": 0.0,
  "improved_ns": [],
  "results": {
    "11": {
      "baseline": 0.37492371910118844,
      "best": 0.37492371910118844,
      "improvement": 0.0
    },
    "15": {
      "baseline": 0.37694983466521204,
      "best": 0.37694983466521204,
      "improvement": 0.0
    },
    "20": {
      "baseline": 0.3760568595792047,
      "best": 0.3760568595792047,
      "improvement": 0.0
    },
    "25": {
      "baseline": 0.37214437011922635,
      "best": 0.37214437011922635,
      "improvement": 0.0
    },
    "30": {
      "baseline": 0.3608834426045261,
      "best": 0.3608834426045261,
      "improvement": 0.0
    },
    "35": {
      "baseline": 0.3664257101808466,
      "best": 0.3664257101808466,
      "improvement": 0.0
    },
    "40": {
      "baseline": 0.36214803161842374,
      "best": 0.36214803161842374,
      "improvement": 0.0
    },
    "45": {
      "baseline": 0.36339682657570693,
      "best": 0.36339682657570693,
      "improvement": 0.0
    },
    "50": {
      "baseline": 0.3607531340966368,
      "best": 0.3607531340966368,
      "improvement": 0.0
    },
    "55": {
      "baseline": 0.3550231179503228,
      "best": 0.3550231179503228,
      "improvement": 0.0
    },
    "60": {
      "baseline": 0.3572584051260953,
      "best": 0.3572584051260953,
      "improvement": 0.0
    }
  }
}