{
  "cv_score": 70.627569,
  "baseline_score": 70.647327,
  "improvement": 0.019758000000010156,
  "overlaps": 0,
  "notes": "Ensemble of best valid solutions + SA optimization. Improved from 70.647327 to 70.627569."
}