{
  "cv_score": 70.61578810307368,
  "baseline_score": 70.67610239809187,
  "improvement_over_baseline": 0.060314295018187636,
  "problematic_ns_fixed": [
    4,
    17,
    30,
    40,
    42,
    48,
    53,
    99,
    102,
    103,
    154,
    161,
    164,
    166
  ],
  "is_valid": false
}