{
  "cv_score": 70.61574377575212,
  "baseline_score": 70.62243491373589,
  "improvement": 0.006691137983764861,
  "sources_used": 8,
  "improvements_found": 112,
  "final_overlaps": 0,
  "target": 68.888293,
  "gap": 1.7274507757521178
}