{
  "2": {
    "baseline_side": 0.9495042736742612,
    "baseline_score": 0.45077918286284313,
    "constructed_side": 1.1000000000000012,
    "constructed_score": 0.6050000000000013,
    "improvement": -0.15422081713715818,
    "time": 19.748944759368896
  },
  "3": {
    "baseline_side": 1.1420312680063256,
    "baseline_score": 0.43474513903471196,
    "constructed_side": 1.3500000000000003,
    "constructed_score": 0.6075000000000003,
    "improvement": -0.1727548609652883,
    "time": 46.62978649139404
  },
  "4": {
    "baseline_side": 1.2908057151967516,
    "baseline_score": 0.4165448485961493,
    "constructed_side": 1.588074039201173,
    "constructed_score": 0.6304947884961821,
    "improvement": -0.2139499399000328,
    "time": 80.73927760124207
  },
  "5": {
    "baseline_side": 1.443692472141104,
    "baseline_score": 0.4168495908233784,
    "constructed_side": 1.7000000000000013,
    "constructed_score": 0.578000000000001,
    "improvement": -0.16115040917662254,
    "time": 122.50138211250305
  }
}