{
  "5": {
    "baseline_side": 1.443692472141104,
    "baseline_score": 0.4168495908233784,
    "improved_side": 1.443692472141104,
    "improved_score": 0.4168495908233784,
    "improvement": 0.0,
    "time": 0.9579594135284424
  },
  "10": {
    "baseline_side": 1.940695856224301,
    "baseline_score": 0.3766300406366173,
    "improved_side": 1.940695856224301,
    "improved_score": 0.3766300406366173,
    "improvement": 0.0,
    "time": 1.893442153930664
  }
}