{
  "10": {
    "baseline_side": 1.940695856224301,
    "baseline_score": 0.3766300406366173,
    "improved_side": 1.940695856224301,
    "improved_score": 0.3766300406366173,
    "improvement": 0.0,
    "accepted": 26682,
    "improved_count": 0,
    "time": 52.83069682121277
  },
  "20": {
    "baseline_side": 2.7424691778731254,
    "baseline_score": 0.3760568595792048,
    "improved_side": 2.7424691778731254,
    "improved_score": 0.3760568595792048,
    "improvement": 0.0,
    "accepted": 25393,
    "improved_count": 0,
    "time": 100.58362555503845
  },
  "30": {
    "baseline_side": 3.290365219566938,
    "baseline_score": 0.3608834426045261,
    "improved_side": 3.290365219566938,
    "improved_score": 0.3608834426045261,
    "improvement": 0.0,
    "accepted": 23047,
    "improved_count": 0,
    "time": 138.97462439537048
  }
}