{
  "cv_score": 70.6157881030737,
  "baseline_score": 70.67610239809187,
  "improvement_over_baseline": 0.060314295018173425,
  "problematic_ns_fixed": [
    60
  ],
  "is_valid": true
}