{
  "cv_score": 70.6157888965791,
  "baseline_score": 70.67610239809187,
  "failed_score": 70.61578810306398,
  "improvement_over_baseline": 0.060313501512766265,
  "loss_from_fixing": 7.935151273841257e-07,
  "problematic_ns_fixed": [
    60,
    105
  ],
  "is_valid": false
}