{
  "cv_score": 70.31660007867575,
  "base_score": 70.33215484191581,
  "improvement": 0.01555476324006122,
  "num_improvements": 154,
  "overlap_rejections": 2517,
  "source_counts": {
    "why-not": 116,
    "submission2.csv": 4,
    "submission.csv": 40,
    "submission_ensemble.csv": 40
  }
}