{
  "cv_score": 70.31660007867575,
  "base_score": 70.33215484191581,
  "improvement": 0.01555476324006122,
  "num_improvements": 157,
  "overlap_rejections": 2517
}