{
  "cv_score": 70.67610205760153,
  "source": "best_ensemble.csv",
  "overlaps": 0,
  "target": 68.922808,
  "gap_to_target": 1.7532940576015221
}