{
  "cv_score": 70.36504660438827,
  "exp010_score": 70.36509130461903,
  "improvement": 4.470023075953122e-05,
  "invalid_n": [
    52,
    70,
    79,
    138
  ],
  "num_improvements": 45,
  "notes": "bbox3 optimization with fallback to exp_010 for invalid N values"
}