{
  "cv_score": 70.36439162315999,
  "baseline_score": 70.37333406329618,
  "improvement": 0.008942440136195273,
  "n_improved": 42,
  "sources_used": {
    "exp_009": 158,
    "70.378875862989_20260126_045659.csv": 42
  },
  "target": 68.879467,
  "gap": 1.4849246231599835
}