{
  "cv_score": 70.6730230076333,
  "baseline_score": 70.676102,
  "improvement": 0.003078992366695843,
  "target": 68.894234,
  "gap_to_target": 1.778789007633307,
  "notes": "Local refinement of N=2 only. bbox3 and exhaustive search could not improve baseline."
}