{
  "cv_score": 70.36446751484425,
  "exp010_score": 70.36509130461903,
  "improvement": 0.0006237897747780607,
  "num_improvements": 1,
  "min_improvement_threshold": 0.0005,
  "target_n": [
    1,
    2,
    3,
    4,
    5,
    6,
    7,
    8,
    10,
    11,
    12,
    13,
    14,
    15,
    17,
    18,
    19,
    23
  ],
  "notes": "Better solutions for small N values"
}