{
  "cv_score": 70.61507371042038,
  "baseline_score": 70.61510651670615,
  "improvement": 3.2806285773290256e-05,
  "n_improved": 19,
  "final_overlaps": 0,
  "target": 68.888293,
  "gap": 1.7267807104203712
}