{
  "10": {
    "baseline_side": 1.940695856224301,
    "baseline_score": 0.3766300406366173,
    "best_side": 1.940695856224301,
    "best_score": 0.3766300406366173,
    "improvement": 0.0,
    "total_time": 0.4706742763519287
  },
  "20": {
    "baseline_side": 2.7424691778731254,
    "baseline_score": 0.3760568595792048,
    "best_side": 2.7424691778731254,
    "best_score": 0.3760568595792048,
    "improvement": 0.0,
    "total_time": 0.9767279624938965
  },
  "30": {
    "baseline_side": 3.290365219566938,
    "baseline_score": 0.3608834426045261,
    "best_side": 3.290365219566938,
    "best_score": 0.3608834426045261,
    "improvement": 0.0,
    "total_time": 1.5340790748596191
  }
}