{
  "cv_score": 0.009553578227948535,
  "single_cv": 0.010363771500157966,
  "full_cv": 0.008743384955739104,
  "model": "SimpleDRFPModel (MLP with DRFP + Spange + Arrhenius)",
  "baseline_cv": 0.008298,
  "improvement": "-15.13%"
}